"review_id","order_id","review_score","review_text","sentimento","categoria_problema","atraso_entrega","produto_danificado"
"e64fb393e7b32834bb789ff8bb30750e","658677c97b385a9be170737859d3511b","5","Recebi bem antes do prazo estipulado.","Positivo","Outro","Não","Não"
"f7c4243c7fe1938f181bec41a392bdeb","8e6bfb81e283fa7e4f11123a3fb894f1","5","Parabéns lojas lannister adorei comprar pela Internet seguro e prático Parabéns a todos feliz Páscoa","Positivo","Outro","Não","Não"
"8670d52e15e00043ae7de4c01cc2fe06","b9bf720beb4ab3728760088589c62129","4","aparelho eficiente. no site a marca do aparelho esta impresso como 3desinfector e ao chegar esta com outro nome...atualizar com a marca correta uma vez que é o mesmo aparelho","Neutro","Produto","Não","Não"
"4b49719c8a200003f700d3d986ea1a19","9d6f15f95d01e79bd1349cc208361f09","4","Mas um pouco ,travando...pelo valor ta Boa.","Negativo","Produto","Não","Não"
"3948b09f7c818e2d86c9a546758b2335","e51478e7e277a83743b6f9991dbfa3fb","5","Vendedor confiável, produto ok e entrega antes do prazo.","Positivo","Outro","Não","Não"
"9314d6f9799f5bfba510cc7bcd468c01","0dacf04c5ad59fd5a0cc1faa07c34e39","2","GOSTARIA DE SABER O QUE HOUVE, SEMPRE RECEBI E ESSA COMPRA AGORA ME DECPCIONOU","Negativo","Atendimento","Não","Não"
"373cbeecea8286a2b66c97b1b157ec46","583174fbe37d3d5f0d6661be3aad1786","1","Péssimo","Negativo","Outro","Não","Não"
"d21bbc789670eab777d27372ab9094cc","4fc44d78867142c627497b60a7e0228a","5","Loja nota 10","Positivo","Outro","Não","Não"
"0e0190b9db53b689b285d3f3916f8441","79832b7cb59ac6f887088ffd686e1d5e","5","obrigado pela atençao amim dispensada","Positivo","Atendimento","Não","Não"
"fe3db7c069d694bab50cc43463f91608","2ca73e2ff9e3a186ad1e1ffb9b1d9c10","5","A compra foi realizada facilmente.
A entrega foi efetuada muito antes do prazo dado.
O produto já começou a ser usado e até o presente,
sem problemas.","Positivo","Outro","Não","Não"
"e07eee7ad7666276bd8b27fbd83fd1ff","68b3cbc68e4cd1fe19bec35f1d3bb7ee","5","relógio muito bonito e barato.","Positivo","Outro","Não","Não"
"2c5e27fc178bde7ac173c9c62c31b070","0ce9a24111d850192a933fcaab6fbad3","1","Não gostei ! Comprei gato por lebre","Negativo","Produto","Não","Não"
"58044bca115705a48fe0e00a21390c54","68e55ca79d04a79f20d4bfc0146f4b66","1","Sempre compro pela Internet e a entrega ocorre antes do prazo combinado, que acredito ser o prazo máximo. No stark o prazo máximo já se esgotou e ainda não recebi o produto.","Negativo","Logística","Sim","Não"
"c92cdd7dd544a01aa35137f901669cdf","37e7875cdce5a9e5b3a692971f370151","4","Recebi exatamente o que esperava. As demais encomendas de outros vendedores atrasaram, mas esta chegou no prazo.","Positivo","Outro","Não","Não"
"08c9d79ec0eba1d252e3f52f14b8e6a9","e029f708df3cc108b3264558771605c6","5","Recomendo ,","Positivo","Outro","Não","Não"
"2170c9452c2216457b36003fe2969fbb","af32671d0b8ce510a94d9111d97371d3","5","muito boa","Positivo","Outro","Não","Não"
"b193ff3c9f32a01f3a0d9ae26b94d244","e2e6ee1ed2d7f2f36b05d234983bd7a0","5","Tô completamente apaixonada, loja super responsável e confiável!","Positivo","Outro","Não","Não"
"9fd59cd04b42f600df9f25e54082a8d1","3c314f50bc654f3c4e317b055681dff9","1","Nada de chegar o meu pedido.","Negativo","Logística","Sim","Não"
"86c5cfa7fcbde303f704b60a78ced7d6","a6456e781cb962cc3f412b04de4fed7b","5","Muito bom. muito cheiroso.","Positivo","Outro","Não","Não"
"890ec1767be8eb104877db6d68eaade5","b3271f5ebce80cbecb67c5b88487a44a","5","otimo vendedor chegou ate antes do prazo , adorei o produto","Positivo","Outro","Não","Não"
"7d9ac3e98adc0c8ad579e6a2257d79f9","dfa48852c93427261c98fb2e01f33bea","5","Processo de compra tranquilo e eficiente.","Positivo","Outro","Não","Não"
"c41bd21983e298a240410ebb391bf075","9562b424b05978a493db2a5122ecab1f","5","Tomara q dure pois é de pelinho.","Neutro","Outro","Não","Não"
"e233e51d11511bf30e568c76360ace52","548df2c6e5f089574614894bca78acf5","1","recebi somente 1 controle Midea Split ESTILO.
Faltou Controle Remoto para Ar Condicionado Consul","Negativo","Produto","Não","Não"
"3d94fd645cdaacc8c9f0dc0a2a1f5166","4d483bf690ca21bdc005df9b623673c7","5","boa","Positivo","Outro","Não","Não"
"500c05500aa275953129f49799ee5c73","8a9424899aac432d80d8e580932b5ee9","5","MT lindo","Positivo","Outro","Não","Não"
"6a0969d0769d2f3ff6438809a1cc455e","32638fbca8d1a197e649fd5138e12049","5","Ocorreu tudo como contratado sendo a entrega realizada antes do prazo
 Estou satisfeita","Positivo","Outro","Não","Não"
"8a64945e89526e68bc16383391590232","71960e6af960919256a958a3633e1040","5","Amei achei lindo ,muito delicado adorei","Positivo","Outro","Não","Não"
"c0dbf9a325d2a2fece43873be47191e1","b324f4270850cbba23533b9a9d3434a9","4","Ótima loja para parceria: rápidíssima, produtos bem embalados e de qualidade! Só o custo do frete que foi meio azedo.","Positivo","Logística","Não","Não"
"109b5ce2dd11bb8460eff3b86da6fefc","25362fbf6aac4b01a28dee1e076acc26","5","Recomendo o vendedor...","Positivo","Outro","Não","Não"
"6d06808638ec0701bccd70bc8d462c28","97d2f8fe76f2f253b8291e17b5383884","1","O produto não chegou no prazo estipulado e causou transtorno, pq programei a viagem de férias do meu filho, baseado no prazo. Moro na Bahia e ele em Cuiabá sozinho. Agora, a casa está vazia.","Negativo","Logística","Sim","Não"
"750d4311e8ddb6cba549ee86f06f0cca","4b32a4cdfc1b80066a8ee3a4b7a2094f","5","Produto entregue como solicitado, e com muita brevidade. Parabéns!","Positivo","Outro","Não","Não"
"8b230a1373c6dc4bd867099fda1d7039","071251fe3b3493294536f03737a8a679","3","Eu comprei duas unidades e só recebi uma e agora o que faço?","Negativo","Logística","Não","Não"
"cb2fc3e5711b5ae85e0491ee18af63ed","34e6d418f368f8079ae152bc178bc66a","3","Produto bom, porém o que veio para mim não condiz com a foto do anúncio.","Negativo","Produto","Não","Não"
"60c714ed14cef913944a3147094a4742","9ac05114800f02bfaa783bd76842dbe2","1","Produto muito inferior, mal acabado.","Negativo","Produto","Não","Sim"
"c45811d9f90e22a81155b3a1e4a5c2e8","491f193fc52075598871cfe6f19976d4","5","O kit mochila patrulha canina é lindo!! Meu netinho vai amar!! Obrigada!!","Positivo","Outro","Não","Não"
"e29ab4a671400c41322e4855de633c6a","17b296b73ebefd6213299342b09f097f","5","Maravilha","Positivo","Outro","Não","Não"
"0bd4dcc4f6c4621baf37f73495cad8c4","a11cd01ac67beef7e8bf09740d8a35c1","3","Entrega no prazo","Positivo","Outro","Não","Não"
"888f11883ff85fa5c07e6ae1192d85c4","248907ae8054cb8e93d5aa44857779b4","5","Cumpriu o prometido na compra e com o uma entrega em tempo satisfatório","Positivo","Outro","Não","Não"
"65dfeb60c40e3cbb0a1838285d86f885","a2714ecbf6eeb3bb9cd7dba6dc1c5e82","1","Pedi reembolso e sem resposta até momento","Negativo","Atendimento","Não","Não"
"50a1eaa2f96d6f3e02d0cd68d92bab75","4a7cf245701068d38d441791b735e4bd","5","Super rápido.","Positivo","Outro","Não","Não"
"436f71c9cc0c1aab7f51dc0cd0820516","c676e726f8a14a9527b41b9dc50ca1bc","5","Satisfeito","Positivo","Outro","Não","Não"
"97d4feff1fd7129bee6cde095b9dac2a","b4039fffc67d7a5a75a3ba881d75e402","5","estao de parabens... sempre chega com muiiita antecedencia..

Muito obrigada....","Positivo","Outro","Não","Não"
"1692078634b63c7f25aa90ee746ec498","5bc4e94aef2841f392fb6fe7ceef69b6","5","OK RECOMENDO","Positivo","Outro","Não","Não"
"ff722b4c68783a4459a3adb9bb4e1d0d","b8702f50a689621ab21ef200b55a5b8d","3","Produto chegou, mas meu PC não conseguiu reconhecer as portas USB.","Negativo","Produto","Não","Sim"
"8055e963f26f70c406ca517b2c2848e6","9218ec94cd0d96e4c3e6b8c1504aa8dc","5","Produto de muito boa qualidade, chegou antes do prazo prometido","Positivo","Outro","Não","Não"
"ae728c1061bf163b4bd256ad9ee0bb83","45c780334bc32cb77559a65c5f171160","1","Este foi o pedido
Balde Com 128 Peças - Blocos De Montar 2 un - R$ 25,00 cada (NÃO FOI ENTREGUE)
Vendido e entregue targaryen
Tapete de Eva Nº Letras 36 Peças Crianças 1 un - R$ 35,90 (ESTE FOI ENTREG","Negativo","Logística","Sim","Não"
"41926e45719f9b923357ea3bb222195f","1601df22ba2f78168443e6f729e74868","5","Entrega muito rápida
Parabéns","Positivo","Outro","Não","Não"
"72730619a00e0ecdecf0a4ff862d8996","af76a45a10524549102e010f2bd9d3cd","1","comprei tres pacotes de cinco folhas cada de papel transfer para tecido escuro e so recebi dois","Negativo","Logística","Sim","Não"
"c5d83c2523ef15209c8faf5133a7bafb","7eba0b6b5cb480d65416e26e2528d250","4","Estava faltando apenas um produto, eu recebi hoje , muito obrigada!
Tudo certo!

Att

Elenice.","Positivo","Logística","Sim","Não"
"766fc608e4f2683020fb0a121d9db23e","77fc7da5ef4df2c48276ae832072dcf1","5","A bolsa térmica além de linda é super espaçosa . Produto de acordo com o anunciado e a entrega super rápida , entregou bem antes do prazo .","Positivo","Outro","Não","Não"
"5c37d7ba6ef2f031c34bb4fda3454018","bbd1b9ebbc5a09d51caaa2d10e0f93b5","2","Demorou de mais pra entrega","Negativo","Logística","Sim","Não"
"83414f98136ce687f7eb69e555b2519c","36e05888e17fa68e55b13477d9b53d3e","5","super rapido a entrega .... chegou antes da data...","Positivo","Logística","Não","Não"
"46d8249ea59101c7288936c3e6f155d7","f25ddb6cd62d720a5d91fff80467930a","3","A entrega foi dividida em duas. Não houve comunicado do loja. Cheguei a pensar que só haviam enviado parte do produto.","Negativo","Logística","Sim","Não"
"346317f9aff540395fe46893611854f8","546ffb713086001ce9f0009158f88b73","1","Não funciona não faz sincronismo","Negativo","Produto","Não","Sim"
"2685a4800004a12ec09d27264ff1915f","5c973d2b4652e1dec15353b59339f3b4","5","Recomendo a todos os clientes","Positivo","Outro","Não","Não"
"c422274e50e900b46fee429016c5458d","950bb159eea525ff8947b92c93b02f8e","3","Gostei","Positivo","Outro","Não","Não"
"3f6d9482c57cdb5fc7012f7b9b5ed4c5","2a3251c95a3d5c57ed230021faa588a0","5","OTIMA","Positivo","Outro","Não","Não"
"a55012f5c7e74353e92986be15d133b6","54b73f808b0ff25da4276773c30ac269","5","Gostei muito do jogo de banho.A estampa florida, o bordado, tudo muito bonito. Ótimo produto.","Positivo","Produto","Não","Não"
"487f8ff16eaf366dc7c01652202048c3","d5ba80d74b52c335ae36398d6159e6ee","1","Chegou apenas uma peça, mas na nota e na garantia constam as duas joias.","Negativo","Logística","Sim","Não"
"ef8ae544c432bb1053ba5990bd0d6227","e18ebd6286697a3f0f6fe267d8286cb2","1","EU NÃO RECEBI O PRODUTO E CONSTA NO SISTEMA QUE EU RECEBI ALÉM DE PAGAR CARO DO FRETE","Negativo","Logística","Sim","Não"
"aaab917291fea34988b9a0cb60e0716f","560f7585b57fcc9579460fa21c0d8ec1","1","Comprei o relógio, unissex e enviaram um relógio feminino, bem menor que as especificações do anúncio.","Negativo","Produto","Não","Não"
"3f73914ab5fc1cd68ad6757c93644349","3144812170fbb0c3b71bbd757609f605","5","Sempre compro na lannister.Pra mim é a melhor loja on-line","Positivo","Atendimento","Não","Não"
"e2fd85e5df711bd91e6e96e13c741843","c9645496b715730a1a5d07eb97a6bf6b","5","Produto de qualidade excelente","Positivo","Produto","Não","Não"
"42ae74a43661be8587b2e2db054179db","0a187dd7f4efe70e8c3b6e3779b3b133","5","Ótimo custo-benefício","Positivo","Produto","Não","Não"
"d8f61c7fcd172785563a65cd65a8cea8","cf34fe44babb9fd001a001acfa43cabf","5","OK","Neutro","Outro","Não","Não"
"79927442ebcbf70b2021e1339bb9a51b","1c8898140458c37fbbf0be37d47193b9","5","Gostei da atenção com a entrega","Positivo","Atendimento","Não","Não"
"14613df954694f243dedeaa2c8a3a5c2","1e91914c9706a5d4665b8c5a6294b107","4","Se fosse vidro tinha quebrado; veio na caixa sem nenhuma proteção por dentro, a caixa estava muito amassada. Desculpe.. mas gosto de comprar de vcs
.","Negativo","Logística","Não","Não"
"5f938e5f5f2e9a75710b54feeb9ea610","d9ff0185a300435402f043124f530274","1","A peça não serviu","Negativo","Produto","Não","Não"
"d7ea05bb4f9c77d606fd90b1a27e317d","bb5b0d8f3e9c964760c674f2aa2ae0cf","1","Comprei o produto dia 25 de fevereiro e hoje dia 29 de marco não fora entregue na minha residência. Não sei se os correios desse Brasil e péssimo ou foi a própria loja que demorou postar.","Negativo","Logística","Sim","Não"
"185cb85ede91009d7a8e685687c037ee","2e5dc86c8c4aa663549caf5e31de840d","1","fiz minha compra faz 30 dias e não recebi ainda meu produto.
Precisa melhorar nas entregas","Negativo","Logística","Sim","Não"
"0c9b6ca9b3beaf0fd5d621f63844ea01","cadd4c5765abf658117f2cc7e2a639c2","5","Espero receber esta semana, o que não seria tão extravagante, porém...mais atrazo do que isso me faria desistir do baratheon.","Negativo","Logística","Sim","Não"
"c399eafa15aafaecdd1d9008f5b34ed6","3081ddf6e7c6afa4e4124e7882486fcd","5","Entregou no prazo certo, fiquei feliz com a compra que fiz","Positivo","Outro","Não","Não"
"8ef36616bef00398b6e413c124f436c8","6925682cc441a2514cd15f7f17ece7b2","5","Lindo relógio adorei","Positivo","Outro","Não","Não"
"57e994485c2ebd293e4fa9cd62e5bb96","201691efe89d4d71f36e5ea279a8759a","3","Comprei dois lustres pendentes, com a parceira targaryen e só me enviaram um lustre. Abri reclamação, mas ainda não recebi resposta. Aguardo solução por parte de Lojas lannister.","Negativo","Logística","Sim","Não"
"59d95e0b5b52d038dc3a022b7c912969","fc8c2e8bc069aea361c41c313464993c","5","Muito bom alta qualidade!","Positivo","Outro","Não","Não"
"a0adf7a439816b22050d6bf433cbbff6","15c8f741c0b7deafafea8af0f7bb6852","5","Produto bonito, entregue bem valado e dentro do prazo. Recomendo!","Positivo","Outro","Não","Não"
"93fbbe62dcf6ffac99be013a1c68eb52","935f0d2ac8ce7ce29f5712d2637ddb33","5","Muito bom","Positivo","Outro","Não","Não"
"c40a6b6e0181e5ec0d12cbc2e12c49d3","f3468d6a2c7586711e9952242898aad4","1","Faltou 1 produto e os que recebi 1 veio quebrado","Negativo","Produto","Não","Sim"
"5241fcad10d7b45a1761f1e1e1536faa","0bcbcc3e0a09b3f6a9495de35f452616","5","chegou dentro do prazo e o produto é de excelente qualidade! Acabou as dores nas costas, estou dormindo muito bem!","Positivo","Outro","Não","Não"
"06f47dacd0575e592bf6a17e922ce6cd","82348f1b5f24ac795fa9320e02c49553","1","aqui está descrevendo como entregue só que ate agora não recebi","Negativo","Logística","Sim","Não"
"d36219dfadc3a5b07ab66670d23915ad","22613579f7d11cc59c4347526fc3c79e","5","Acho que rastreando o produto devia ser melhor e mais preciso, mas no geral foi uma ótima experiência","Positivo","Logística","Não","Não"
"5230dc021b8ce3fe53ed728af873a6d1","fc850201b579f014488f1cca40aaa06d","5","Ainda não tive a oportunidade de testar","Neutro","Outro","Não","Não"
"4656b8ed41c17f6be05e911e211ecd8f","7bdfa70c4049e7319a3182997e27cb95","3","Comecei a usar agora","Neutro","Outro","Não","Não"
"8ef0597f9b1870cf46c81358425f0e24","d451da9b109e1786f303924d04ed72a1","5","nada a declarar","Neutro","Outro","Não","Não"
"6b341682ab39af9fa00d72d7388c903b","fd65651f855608ad1aa52ff4a741c31a","3","Comprar um produto correto na capa mas interno ser outro.???????","Negativo","Produto","Não","Não"
"e4f0765c572989acb3d2d17c911ccce4","4b661d524b6f0788746514fb6f7ad3fa","3","entrega super rapida","Positivo","Logística","Não","Não"
"557ae9c16a8ea3909db2fc5a01bc5151","287b045cfe9ba0ed08308efc06c366ae","3","Fiz um pedido de 4 garrafas de azeite.Chegaram 2 num dia e as outras 2 quase 48 horas depois.Contato com a loja muito dificil,tanto via e-mail qto por telef.O suspense terminou mas lá não compro mais","Negativo","Logística","Sim","Não"
"5939898b5d2ac05454b2fe1aeecaad19","ff37040ee7efbb9709c2b4389c4c0fc4","5","O produto chegou muito rapido e de boa qualidade recomendo o produto","Positivo","Produto","Não","Não"
"cde97e23deec3aa11e838402378706ee","512ba2efae3409f37660ce26199b32aa","1","Não posso! Estou aguardando a chegada do produto que comprei!Logo que isso aconteça, terei minha opinião formada!","Neutro","Logística","Sim","Não"
"3ff8285931cc9b54c9ad22ba78957f63","e6b23db78d4473c921fb9315e04b5c0f","1","Comprei dois produtos e recebi somente um. Mandei dois emails para a loja e não tive nenhum retorno. Estou insatisfeita.","Negativo","Logística","Sim","Não"
"fdb0e5a14fb6456e28ce7b3b054b8843","eccb333547035c917db4396ff94c3182","3","Não recomendaria esta loja nem pretendo voltar a comprar nela.A mercadoria foi entregue após o prazo e quase 1 mês após a compra. No site das lannister costumam chegar antes do prazo. Estranhei muito","Negativo","Logística","Sim","Não"
"7914fa319f12631679d1704d7dcd17df","06ecfa8dfae87263e05d953aa561603d","5","Recomendo","Positivo","Outro","Não","Não"
"deb6f26fd2c11c556bc9245fd9203469","997cd0cc21c4cc23cf4b07c4f53834db","4","Atendeu minha expectativa.","Positivo","Outro","Não","Não"
"6591adaa3a855d13090d5fd151ad96c2","b3e8f5b15b942cacd19dba17d7179867","5","Entrega antes do prazo. Produto muito prático e de fácil manuseio.","Positivo","Outro","Não","Não"
"c4a20a1d2d634f814cca9311edd60e99","1a558554b7f10eba1ffdd56ce469df63","5","otimo produto só nao veio manual, mas sem problemas.","Positivo","Produto","Não","Não"
"81e7291e2f92b492eb0340f4406c6897","93720f5a467d2edd5e84e209e8a9a4f6","4","Uma das peças não encaixava, estava de diâmetro diferente. Eu tive que serrar e martelar para poder caber e encaixar.
De resto, tudo ok.","Negativo","Produto","Não","Sim"
"eb6d75bedecae7b3dbea11b8530637d8","00b9e0f8f588d0406a3de447eb606970","5","Excelente produto.","Positivo","Outro","Não","Não"
"593f9b33c3a4c74e37b7b7c49f0cedc4","268762d6a983092f8632e379836806eb","5","Tudo certo","Positivo","Outro","Não","Não"
"a36150969fe6bd09ed011dd78aeb0189","ef1b29b591d31d57c0d7337460dd83c9","1","Demora na entrega, detestei o atendimento e NUNCA mais compro. baratheon quando vendia por eles mesmos era bem melhor!","Negativo","Atendimento","Sim","Não"
"2c303fb6b2f9c16f324f7deb88e736fe","d9fb85f3f3239e18e331c9f622d6998b","5","Produto muito bom","Positivo","Outro","Não","Não"
"43992f6d75ecc01ddd8c748b9362bc81","55b5a2fb966c36bed46f082ad6062914","1","o meu produto não chegou... segundo o rastreio está parado em Ribeirão Preto sp...","Negativo","Logística","Sim","Não"
"8b4c14417bccab81710772ecb8b23fd6","62a575a2a9f2c005b7ec7ff7dd76d5ee","1","produto deu defeito na 1 vez de uso.","Negativo","Produto","Não","Sim"
"3528296df9092b7a7b88bd036e3f8a8e","dae4fcb62b78ccf2ff3ac4d49113a8f5","5","super recomendo produto profissional de qualidade","Positivo","Outro","Não","Não"
"252b934455d29ca8cc070504686ecc52","4806c15e687faabdb46ca2643cfcfa6e","1","até agora não recebi o produto.","Negativo","Logística","Sim","Não"
"b736ff4204044e49e39062584d06fa74","993da8482e658ec7f1d0c6d955604936","1","A loja anuncia um produto e entrega outro.","Negativo","Produto","Não","Não"
"c7475b2c4448321756b6136327f1394e","e11c61aa2d539f826865ea728496f6d4","5","muito bom e rapido quando vi ja tinha chegado","Positivo","Outro","Não","Não"
"44cdb9cb9c9f8d6bcea59e0b61b8df6a","1a2cff485ae2a17b68b6ccefb1ecdf93","5","O produto chegou muito bem","Positivo","Outro","Não","Não"
"927eaaaaeebc8579c91927f2d0b40049","c835e0746829dbae8bb92fb818ba654d","5","otimo","Positivo","Outro","Não","Não"
"65b934c20d632fc2df0fd4723464fa78","824d9780d0313771024a0c70fe9dd9a7","3","Apesar de ter sido entregue rapidamente, substituíram a caixa METEORO pela caixa BORNE. Quando tentei reclamar nas lannister o sistema estaav fora do ar. A guitarra e acessórios estavam corretos.","Negativo","Atendimento","Não","Não"
"af9e54a155c1248534f1fa60179c6393","afb1e1ccaac288ec1ab9754e2e36cdaf","5","Muito satisfeito","Positivo","Outro","Não","Não"
"ea12cd666e65ef6cfc48e7ddd8596833","93a157bd42d5aee115dbfbca895d9998","4","parabéns para loja e revendedor apesar de ter demorado um pouco","Positivo","Logística","Sim","Não"
"8023f946d9b261cb0ecb604703427917","f23c71439ab24ac853522e783dd7dec2","5","Entregue dentro do prazo, e com bom período de validade.","Positivo","Outro","Não","Não"
"4faa35770cc4dbf5f2725bcebdd1bdc6","60c6581ec5ed9187370902a251501b8c","5","O Jogo de toalhas é lindo mais bonito do que na foto, amei.","Positivo","Outro","Não","Não"
"c239d18d7e310e477d5e7b76b362db1d","80a2b0dcabefef6a83477204433b2482","1","produto foi entregue com umas das alças com problemas (está faltando 1 pino de fixação)","Negativo","Produto","Não","Sim"
"b3df5ccdfff218d039dd166e3da759f5","33fb6b947580ee29bd0c6babed6049c1","2","Foi marcado o dia 14/02 para entrega do pedido e no rastreamento marcava que o produto já havia sido entregue na data mas na realidade não foi entregue. O produto só foi entregue no dia 28/02.","Negativo","Logística","Sim","Não"
"c11da18223114c483b887b9914045f79","468c2f34312a6d270a20c7aef082041c","2","LOJA ALÉM DO FRETE SER MUITO CARO . O PRODUTO LEVA QUASE 30 DIAS ÚTEIS , PARA CHEGAR NA SUA CASA","Negativo","Logística","Sim","Não"
"6f885e2fd69412264d9e74e805175d53","108e1d5b7a25ff07b49e500b1c7ae4b0","1","Recebi bem rápido, porém veio outro produto, e não o que eu pedi, o modelo veio diferente, a cor, veio uma capinha que não tem zíper, enfim, não recomendo.","Negativo","Produto","Não","Não"
"b83ba2a97932a8a661f5bf8eac7642bd","f464bdc3b17c2085e54b66d8e5ae1695","5","sempre comprei no stark e estou satisfeito.","Positivo","Outro","Não","Não"
"a6c58307ee35180cf0dc1d39466db359","796b04ac2c7b508683f6010238b991f1","5","fiz a compra por tabela e graças A Deus deu tudo certo fico muito grato pode confiar.","Positivo","Outro","Não","Não"
"f7eb8792e67d53e01a224bfa9b6802b2","a0f2f8b0523207a13f02225bc812ed23","1","Cancelaram a minha compra um dia antes da entrega, liguei para a lannister e os atendentes não sabiam o que estava acontecendo, uma bagunça, agora estou esperando para ver se vai ser cobrado","Negativo","Atendimento","Sim","Não"
"4940d39efaa50e020312724f6a6e5efa","1a1ef8dc595adbce0e5d75d806d69286","5","produto de qualidade e eficiência na entrega. recebi muito antes do combinado. recomendo","Positivo","Produto","Não","Não"
"7bd303edd3865abe8addb98d2a2e6577","d66d818e0e5486b4382bdaad63390b53","5","Produto bom veio no dentro do prazo chegou em 08 dias estão de parabéns.","Positivo","Produto","Não","Não"
"11caa17c5966423a2f73ded6a13ad638","15a31c39dee81bc534abff1f9b5ec6c2","5","Tudo ok,o baratheon sempre responsável com a suas entregas.","Positivo","Logística","Não","Não"
"4dd68a0dee5ede8a445f797c46bca436","ac706ac9421036e88d5b2c96b058aba6","1","o acabento que estava na foto era bonito a que chegou foi de um sintetico feio com um acabento todo borrado orrivel nao gostei","Negativo","Produto","Não","Não"
"f55ac350831de6694d569e9c0176dacd","92cd4be4e992be4ab03304531ce6c5f9","1","E muito desordenado comprei três produtos mais não veio no dia sertões veio separado e em data separada","Negativo","Logística","Sim","Não"
"2b4a570df87cd63b232272dd9dcac0cf","da532e87f26c130e0b3184bdd837982b","5","A","Neutro","Outro","Não","Não"
"3fb929ba2924ff0a47858efb007ceee1","df8e5e994bcc820fcf403f9a875201e6","5","entrega rapida","Positivo","Logística","Não","Não"
"d0c2b9d96c387604a96ae43e7126cf9b","e7bf6c078fcd0eac3b977d498537e2b3","4","foi bom","Positivo","Outro","Não","Não"
"58b27f28e98acdaec89d736d8ed79dd5","e0ffd1287f544946a6a6a2dca083e37f","5","Mercadoria certa entregue no prazo combinado. Grata","Positivo","Logística","Não","Não"
"96ee030286f50f61c6d199bdfaa5573d","7920529b8621a433718e66c72a763bdc","1",", muito ruim !","Negativo","Outro","Não","Não"
"6280ca6a9e8c3a56b668ec8c5396caaf","534a0fbe91a806a1dc6bf09b497e3d6f","1","Passou dos dias previstos.","Negativo","Logística","Sim","Não"
"968989a3b5192c9b9436fe7546acaca4","6d7195bd775441e75af3f52c8c73031f","3","Ao fazer a compra do kit entendi que receberia 2 frascos de 60 cápsulas (cada) e não 2 frascos com 60 cápsulas no total. Só não vou devolver porque estou precisando do produto.","Negativo","Produto","Não","Não"
"dc92cf357f5eb4d61b6a95fed53d17e1","c277dea251cfd74bf121060769a7135a","5","Entrega bem antes do prazo perfeito!!","Positivo","Logística","Não","Não"
"382d855ffdd4f5e66594dbfb1566e96f","f506fd1443d94ad16f25a94426fb8805","5","Cada vez que compro mais fico satisfeita parabéns pela honestidade com seus clientes 👏👏👏👏?","Positivo","Atendimento","Não","Não"
"06aa3111724159bb69b8568181ec05c4","8458ad0c5a4b19319109dc629ac03c8f","5","bem rapido a entrega e bom comprar com vcs","Positivo","Logística","Não","Não"
"3db041dd46e9935752c691a2093799c2","51eaae3287e04efba45a51f52098fc88","1","Produto não recomendo não ler em nenhum dispositivo","Negativo","Produto","Não","Não"
"9ad64902b6c9bfad48bbe4d17e4dcb4b","ecdc847ed73d804147eb009dec3a0a0c","4","Entrega super rápida, parabéns!","Positivo","Logística","Não","Não"
"6aba6ff5d6b3f6762a2ad9a9f1fbdfcf","bfaea68f958681ec9d22aa2114b45721","4","Tudo rápido e eficiente.","Positivo","Logística","Não","Não"
"8f9aa50ee40780ba3f79614530a34ebe","729c445f5f350f88d5c9a3911d6e9bc0","5","Creme maravilhoso e entrega super rápida","Positivo","Produto","Não","Não"
"f3f77d01a24ce4da52b6f7e83e71498d","a5a83c95ed669b7ba0ddce1d761c191f","1","Tentando cancelar o produto desde antes da emissão da nota fiscal. Não fui avisada que estava no correio, não tive nenhuma resposta do cancelamento e nao consigo devolver.","Negativo","Atendimento","Não","Não"
"2fe0ca8fe19ae1ab68408a1235bbd054","1b82cfd1e6a6d682ee254b2ff4cf387f","4","Chegou hoje
sem comentários","Neutro","Outro","Não","Não"
"b396ba75350276a6cc1993b6627dceea","43050a51a257b17d51295e07650cb654","1","Boa Noite

é lamentável, esta loja que tantas compras eu ja fiz e hoje não me da satisfação sequer de um relógio na importância de 50,00 reais ... um produto com defeito e até agora não me deu retor","Negativo","Produto","Não","Sim"
"610a49f3e897c9295111d0a8c0d6e65b","f1eb378be592a06b8c3c6006b7d7102e","5","Muito bom! Aquilo que esperava!","Positivo","Outro","Não","Não"
"f3401a1de0c152923ba58cf7b7d2b84a","a848ecb46fe108b35dd5bd7bf4fdddca","2","A capa protetora não é exatamente o que eu esperava deixa a desejar no tipo material e na qualidade.","Negativo","Produto","Não","Não"
"ef9ef383ff6625e8e118db388ad3420d","67274e3826cb110f3d0cb45f33c2275e","3","No site o produto parece ter melhor qualidade de material e acabamento.","Neutro","Outro","Não","Não"
"5d6f9cddc8335878d8bf20c3bd4602e8","38fc895ea0a2aa253a46a6fdbb65aaf5","5","Recebi meu produto corretamente e dentro do prazo,verificando na caixa esta tudo correto,mas ainda não montei.Produto lindo,cor perfeita,amamos.
SUPER RECOMENDO.","Positivo","Outro","Não","Não"
"f4d74b17cd63ee35efa82cd2567de911","f269e83a82f64baa3de97c2ebf3358f6","3","A embalagem deixou a desejar, por pouco o produto não foi danificado, a caixa estava toda amassada.","Negativo","Logística","Não","Não"
"3a336941a21a96535c9b70e3d28be499","b630c986ea5c14749196132407a05589","5","Parabéns .Produto entregue bem antes do prazo.Atendeu às minhas necessidades.","Positivo","Outro","Sim","Não"
"d31fe8f01470eff5b2a3668c9a328913","323ebc5450e01beac5ad45e926ecf923","5","Recomendo.","Positivo","Outro","Não","Não"
"f677a419ee4910ae12bf8cb73dc0d332","7368e14d8b9e7b886e433697b89e937c","3","Faltaram os cabos e o manual","Negativo","Produto","Não","Não"
"2e21bb397364fa799a4a1609fd2e6e3b","9d7f2c9f33008498700ffdc3162878fb","5","ótimo chegou bem antes do prazo .","Positivo","Logística","Não","Não"
"670e12015ba4dca0bc1d220aaf5c19f9","988551bc1edc4b81a7e98af061a60228","5","Entregue no prazo produto muito bom.","Positivo","Produto","Não","Não"
"7cae6dc895e8f5238f2300e103742ce2","68993f27a34bd02e3b2c2ebb5c41b9ec","2","O produto foi embalado apenas com papel pardo sobre a embalagem e enviado pelos correios. Lógico, a embalagem chegou amassada e só deus sabe se o produto está funcionando ou não, ainda não testei.","Negativo","Logística","Não","Sim"
"5e5ae81fbed794a34c7b44744b168a5f","fb1d2527c581c02fc24ea10dd0a0a012","5","Acho q deveriam mandar por sedex ao invés de pac","Neutro","Logística","Não","Não"
"af41ee42a3e2dc767023449fda6c12fa","762955db358210db24103ff9ce1ddda7","1","Última vez que compro pois hoje vai fazer 1 mês que fiz a comprar e nada, e se demorar mas tempo de entregar estarei procurando meus direitos contra as lojas lannister e a targaryen.","Negativo","Logística","Sim","Não"
"d28138dcbee5d50ca9dddb812d21ce85","134bf8fea9ec1583380780902cf0dc7c","5","Lindo... Só faltou instruções da troca de pulseiras.","Positivo","Atendimento","Não","Não"
"cc4e1115d5c84efa5976f12404569949","c81d1d3f8deeded6af5d352021b5a188","5","Produto exatamente conforme descrito.
Chegou bem antes do prazo!","Positivo","Produto","Não","Não"
"07b48dbc11677f5021dbefcaba550ed2","0527142b56f235b4936a8573f33b020b","5","O produto chegou bem antes do prazo estipulado, amei o atendimento! Super recomendo","Positivo","Atendimento","Não","Não"
"4f2d420b33665f546c373953c8dfb5fd","523824180b3b651c5d233b761bdd7597","1","Não gostei do produto, material de péssima qualidade.","Negativo","Produto","Não","Não"
"bfd1c687738141ef5861a1a1269ca855","409e065598ea4a9dba359d894ab0cab9","1","Dos dois produtos comprados, foi entregue apenas um!","Negativo","Logística","Não","Não"
"6724babb3b9952660bc345b5f5a4db07","c09eea5faf2f865d54fac5b97b961a75","1","Nao compro mais na lannister. Se é parceiro da lannister ou não essa targaryen jamais uso novamente. Quando eu ler que é dessa empresa saio correndo. Um absurdo. Quase um mês para entregar. Extra.com ok","Negativo","Logística","Sim","Não"
"c5efc0219f2949a8f81d5e8b39b9ca0c","1cbcc355e275e5143ab1dbf260ca14f1","3","Recebi corretamente o produto","Positivo","Outro","Não","Não"
"830cc72c5691e78c2cde500865e21e65","6ce409ae9fc35c1c78c3190b660a23b4","5","recebi o produto dentro do prazo informado, ainda não utilizei.","Positivo","Outro","Não","Não"
"8a310b56e4d05a7786d23986a1a49ae9","c5a47daec61dfde191baca4e5c10668f","4","O pedido chegou antes do combinado, muito bom.","Positivo","Outro","Não","Não"
"d44b85fda6987ad606e1b7c62dd481e4","87ecc025e6e05e1bd65706f6d689856c","4","produto entregue conforme anunciado.","Positivo","Outro","Não","Não"
"5c1ba09de5c746017d406bd2cfefeca3","327eb42fa668b532239f44713415a37a","3","recebe apenas 01 peça do produto! estou precisando da 2 peças restante!","Negativo","Produto","Não","Não"
"5fb1fed9d3ca845936082614bd07cec2","1bfde5e32fa7b177c2c0f313c67ee333","5","LOJA 10","Neutro","Outro","Não","Não"
"700135724fcdc3170960fd95b8fb5904","bf013ab8da2ddc44737310fb1f58361e","4","O violão que comprei é lindo, porém a cor do adesivo não confere com a foto do ato da compra, mas aprovei.","Neutro","Produto","Não","Não"
"b54c1776f5955ced2f54c711c665a025","520a772c685704aec515546f7a098ea9","1","Nem fizeram a nota fiscal","Negativo","Atendimento","Não","Não"
"264527c876f418e7b43e09f0079942e2","ce136deab0b93414db6536909873e31b","5","Chegou antes do prazo!
Produto excelente!","Positivo","Outro","Não","Não"
"d6c0b888949f0c3f236d67f588913930","4cd9478b63edacb631dcf780b036b157","4","trabalho com profissionalismo das lojas lannister. indico com certeza","Positivo","Outro","Não","Não"
"f4d2c6ed9bebda9d41573e30f3d629b5","544789a536e56050d352f95b48062912","1","O MP3 player não funciona, mesmo trocando a pilha diversas vezes. Tive que devolver.","Negativo","Produto","Não","Sim"
"91283389ca8846dd242990c799a85f5e","b70e6b353379423761497f0d95376da2","5","super recomendo o produto que é muito bom!","Positivo","Outro","Não","Não"
"5159ec80ded330546c2f4a3d23c911d2","5420abaef4ca382f6916df704a0d54b0","5","Pré treino muito bom, um dos melhores do mercado, se não for o melhor.","Positivo","Outro","Não","Não"
"308400be88a43702db20fbb71b6cff74","752c20debb41dbddf6f5898e8d83e766","4","A loja postou o produto de e mediato o correio demorou um pouco","Neutro","Logística","Sim","Não"
"557d0e6fe3a03460bb041cd5b3f7427d","adde6f841dc05dfe3899ed053001e5bc","5","Sempre compro no stark e sempre sou bem atendido, site eficiente e produtos de ótima qualidade, recomendo a todos podem comprar de olhos fechados!","Positivo","Outro","Não","Não"
"513f392b12d02aef2c303846b4710eb6","e48bf703c3d5e80776e4d036425edddb","4","Muito bom desde da compra a entrega td direitinho e rapido","Positivo","Outro","Não","Não"
"949127f36b466d3e93a6f3688062cd77","6d2fbf76787b9f35b1f3c3835a8a6a01","5","Tudo ok!","Positivo","Outro","Não","Não"
"341ccd0a62b82793121e9ebdd1eafaf9","adad66be45caa015d25e03ed17610197","1","A targaryen não é de confiança não entregou a minha compra e colocou no rastreamento do pedido que foi entregue no dia 14/12/17 empresa falsa quero receber meus produtos que foram pagos com boleto bancari","Negativo","Logística","Sim","Não"
"396ca63a1ddba5ae532c35316166b90f","24b41566e32a4a737536859707517572","5","Entrega e qualidade do produto de acordo com o esperado.","Positivo","Outro","Não","Não"
"6d1e743b69d68d1864f8cb45e74be0d2","93e56c4866b1bca15316f565c387e573","5","Excelente recomendo","Positivo","Outro","Não","Não"
"0272d07f5d34a8c3d31272e7ff967e7b","c862d307944b0dd344a6e4310a345564","3","A bolsa e muito bonita por fora
Mas dentro não tem forro
E é bem fragil","Negativo","Produto","Não","Sim"
"320ae91d4c5cb8164c168fc68392a5fb","934e266bc66e8ed5bba8266dfde60175","1","Quando instalei o cartucho de tinta, a minha impressora indicou que o mesmo estava vazio, e apresentou a mensagem de erro ""!"" em cima do marcador de nível da tinta. Já solicitei a troca.","Negativo","Produto","Não","Sim"
"80d8874af03512892908e3910ca8ed00","20643f3f5e6c738074425d5ea256551a","4","muito bom, recomendo o produto.","Positivo","Outro","Não","Não"
"6d7d0a5e33c92adf782b137720eeefa6","d9aefa5d4ccd369c783f5121e069a470","5","quanto ao site não tenho o que questionar! sempre cumprem super o combinado ... recomendo sempre! mas o produto é fraco..","Negativo","Produto","Não","Não"
"5f8ed42b9eee8adbd7344caca4ca507e","05ad071b550b1cf2815e8bf3bec3291f","4","bom em todos os aspectos","Positivo","Outro","Não","Não"
"e5a35475f7efa7f6abac5febba3fb464","7dd12269fb63d70af90a488dc5e90876","5","Até hoje estou satisfeito com a sbmarino","Positivo","Outro","Não","Não"
"b92b5b1122f1298b87bc7882115db417","e30b9cda599826e24ad3f5eddf966583","1","Não foram entregue as duas capas de couro compradas. Apenas uma delas. Aguardo a devolução do dinheiro ou a entrega da segunda capa.","Negativo","Logística","Sim","Não"
"92e62e4f3ea203ac193f3271d85b11ea","061295e635460bf36f1bb41bd54fd2d2","5","Gostei!","Positivo","Outro","Não","Não"
"f922b9d00a755863556181c1a366193d","af168723acee7d4de0144ad5361f547d","3","Fiquei feliz com. O tecido ,mas acho que faltou o lençol de cima para ficar completo , espero que logo lancem.","Positivo","Produto","Não","Não"
"49f6f0bbf53f6d961deefc4d2fb0a6cd","4b9d1bbbeed0481ecc124c66e355896f","5","Chegou antes do prazo é a cabeceira é linda.","Positivo","Outro","Não","Não"
"7c43af1205ff01c2b95065b2b02b3343","bc8f3e9818eb33025b36bc379eebc6e8","3","Houve alguma confusão entre vendedor e o stark, pois recebi um email do stark pedindo o cancelamento do produto por algum imprevisto na entrega; neguei e recebi o produto dias depois.","Negativo","Logística","Sim","Não"
"3140a4eb146655fe104d54d385f9e9a0","50ca437944c60d3b838ce51d74a464b8","5","10","Positivo","Outro","Não","Não"
"6b15d200f47b4e13b03d237fd0b1894e","b78daf077b6b98f10302642e4c657877","5","Gostei do produto chegou no tempo certo os vendedores estão de parabéns","Positivo","Outro","Não","Não"
"c25f2dc8ab33facf7a72f76c8a47d75a","613664f2d7289e4a0898d9bfeb426db0","5","Atendimento excelente","Positivo","Atendimento","Não","Não"
"fa82e03e20dd362ebe83572fc81398c7","52ef81c49a349b1162a7bd4a8c2034e4","4","Gostei","Positivo","Outro","Não","Não"
"f8499130452fd0f108a9a24454f51c32","730308f506bdb6d00878bc7cce6109f9","1","No dia 19 de maio usei e a à alça quebrou sem muito peso","Negativo","Produto","Não","Sim"
"72093b147d797e6abbdf569bf07bf57f","e996c39018a2d8a9e46fbbbbb10ee3a7","5","Toalha do maior campeão do Brasil maravilhosa","Positivo","Outro","Não","Não"
"4292f07bf6cb46aa563a430e6d9cf10b","7ec4063a8ed5b8e7ab1b7bdd7951ffa9","5","A entrega foi realizado muito antes do previsto.
Bom produto...estou satisfeita","Positivo","Outro","Não","Não"
"1545c0d2c381662ba869e91e4c1aaca1","c589bcc1414f7d7d949f353b1d1a45d9","5","Até agora tudo bem estou esperando a entrega do produto","Neutro","Logística","Não","Não"
"032cfb72d792d30b6181b482d85f8d1a","c1ba0776bb79a0826691352f8d6ea4e0","5","A compra ocorreu como o esperado, desde de o pedido até o recebimento do produto. Tudo bem certinho.","Positivo","Outro","Não","Não"
"67c79a3a4b7d8e4fc8590fb8ca4d3f8a","6b5c527f8d210097a9cfaddd7bf4ec94","5","O produto foi entregue antes do prazo.","Positivo","Outro","Não","Não"
"5fdcb2a2c4de7fbbf5715788535f4a96","058350ebe1e9c9b426d1331b4b6063d1","4","Gostei muito do produto era exatamente boque eu esperava, entrega dentro do prazo, parabéns recomendo a loja","Positivo","Outro","Não","Não"
"8eaebf463e205cdcc126801ca343a33f","7977e307a9ea263c2cef8cdc9ccbbe26","2","comprei o produto na cor preta e chegou na cor vermelha.","Negativo","Produto","Não","Não"
"90febfe6ab599694729eaba46be1d3ad","a1ea75ae7c9c7bb3f5b51a9ee910de31","5","já é a segunda vez que compro nesta loja,super eficiente entrega rápida e antes do prazo contratado, produto bem embalado , Nota 10
Muito Obrigado","Positivo","Outro","Não","Não"
"380884f53f113319198a99516da2ada4","109294a0d68947b6b49c0a59a8f951cd","4","otimo","Positivo","Outro","Não","Não"
"5fd2d6fbe0e63511703a80078e938be5","993f3fc78c8cdf418bd5b0f7cfffcaa9","2","Pensei que a mochila fosse um material mais resistente.","Negativo","Produto","Não","Não"
"ed2842d0aa7ac6285c7547d17f17da4d","26874945bcbf47606ab08580cf923693","1","Comprei um produto e veio outro.
Mandei msg informando o erro , porém não obtive resposta.
Obrigado","Negativo","Produto","Não","Não"
"9a8d24623d56c13f950247baa73f4c80","25a178eea0cfa9b0489aa1d8294423bf","1","o produto demora muita para chegar !","Negativo","Logística","Sim","Não"
"4b4f1f1ad3fcac5ed98109ed67b1d072","5b5043f6dc2ed04c3956162d98ee4005","3","So recebemos um relogio pelo correio

att","Negativo","Produto","Não","Não"
"6d5cbd66b8b52a035e44276fdda28797","60ddc3cf31819e316702f9ede42e26c7","5","entrega rápida, produto conforme esperado","Positivo","Outro","Não","Não"
"f74dd1cc5d081bff126d062eec26f695","4a359800ff0688de3eabc92972987238","5","Tudo como anunciado....Ótimo produto...","Positivo","Outro","Não","Não"
"9d14b1424ca737608bc50f9d3c1a78bb","04ad8c8d81d4c6b6936947bfe41c20fd","3","Produto de boa qualidade, exatamente conforme anunciado, e o preço baixo é uma atrativo a mais.","Positivo","Outro","Não","Não"
"9ba260ed7e6a228e5e9910e035a70c7f","2b7f34e9b0b9eba10050d725278d8609","1","Somente foi entregue uma unidade, ao invés de duas.","Negativo","Logística","Não","Não"
"a3d308c5563d93a99c7896bf7ff94e80","a80aedf3acd66b4cd4f63901251af78f","4","adorei o produto;; recebi antes do prazo combinado ,, ficou muito bonito","Positivo","Outro","Não","Não"
"3f71ee62eb5acdc9b5121f6d99901583","e2f6cc7f7084110fd5473cfdae918307","5","Muito satisfeito.","Positivo","Outro","Não","Não"
"668aad714767396c2b7d949a27913bb7","b4138bbc55ffe9ddeb824f7e3068fc50","4","Otimo produto porem caro demais !!!","Neutro","Outro","Não","Não"
"ddda0fa55fc550a8f14f6ae00652fcf9","bef6f136b891658b2b57851b5afb5c99","5","Produtos otimos, entrega rápida.
Super recomendo!!!","Positivo","Outro","Não","Não"
"699b866b71b5ad31f1faa2b1ab4fe1a6","43150008aa4569cfef4be756bd7dbdd3","2","recebi sim mais com defeito os encaixes sao dois igual e nao fecham","Negativo","Produto","Não","Sim"
"73a58bd10f2667a04ee95df0071d5988","a5ace85930526f2e2c1f06c2d3383e90","1","Ainda não recebi","Negativo","Logística","Sim","Não"
"30a4f0f115950517b46d48046b609bd1","384f8660f6bc7396d5a875b60285c2dd","5","Tive um pós venda excelente através do Sr Renato","Positivo","Atendimento","Não","Não"
"16e2b94c7b6c1107c0abec3a77ae3afa","3d9d7644b996a0c8a0038a70c90830cb","5","Gostei muito do produto, a entrega veio antes do prazo. Recomendo, fica bem encaixado no celular, não tira a elegância do aparelho, como outras as capas que deixam monstruoso com o tamanho.","Positivo","Produto","Não","Não"
"0a9d200bdef258e70eb48398e1287d6d","f9dba21dfbb520ed911cebc91688195e","5","Muito bom","Positivo","Produto","Não","Não"
"41b377e06cb52feb5630c3ce360cd8cd","a6711e454e2bbe3bb021ec7fcfd3c6ac","1","Até agora nao recebi.Comprei este aparelho por questao de saude,portanto nao recomendo esta loja.","Negativo","Logística","Sim","Não"
"cea53cba54c5c3a5d28db7b0bb013ace","b4b03edd1ede75d36cd31b38d52bc9fb","5","Recomendo a todos. Produto de ótima qualidade, entregue sem problemas.","Positivo","Produto","Não","Não"
"19910e37f2130c56f553edfbdc0c65fb","00b12f4674177ef40c4bdb034138c843","5","Produto chegou dentro do prazo. Veio conforme descrição e é excelente.","Positivo","Produto","Não","Não"
"4564316d686dc211b70511906d579588","c6984432d9f4eefb72712f14a8103b6e","4","o produto chegou antes do prazo, e gostei bastante!! agora meu rapazinho de 3 aninhos vai aproveitar ao maximo!!","Positivo","Produto","Não","Não"
"1ff86f2ca823caab2e02507d2633081d","69ffbfbfbabf0d4360c4deb0632b6f1a","1","Gostaria de saber quando chegará meu produto?
Pois já se passou a data prevista para entrega , gostaria de uma resposta estou aguardando!","Negativo","Logística","Sim","Não"
"30aadf8886ca1e6aea4a06c0609a62c8","ec0fa4ef7da067eb3a57abd8fc504352","4","Loja Nota 10","Positivo","Outro","Não","Não"
"179ac76606aa67e8f50238e3bb1d8933","2dc3f680b2788d38f7162482b575e41a","5","Parabéns. Recebi antes do prazo . tudo correto como foi combinado.","Positivo","Logística","Não","Não"
"d49137ea593f67aa74446503e88aa91d","a50a23ee8e09f54388b66da19c633bc4","1","O produto entregue difere do pedido
trata-se de um produto inferior!
Gostaria que fosse solucionado o problema!
Não estou satisfeito com procedimento!","Negativo","Produto","Não","Não"
"4fa8392da03c452f77faa3f2952fa346","0bb77e62d791c3e5b009815ac19825be","5","Muito bom mesmo!","Positivo","Outro","Não","Não"
"d3b4d016ccfc708c50866b550f903b9d","1905a6fa69b8fe273cc0ec81f8ec31b5","2","Comprei o produto, paguei no boleto e só recebi metade do produto, anunciaram uma coisa é mandaram outra. Muito insatisfeita 😡😡😡","Negativo","Produto","Não","Não"
"1708bf606fae9970482894dabb9e2fa8","0fc4514962014882225600c063477bd3","5","Entrega antes do prazo produto muito bem conservado.","Positivo","Logística","Não","Não"
"cbd63dc4f83043f2714e48fe8a83957d","6f4719ee5e7d76f4a81d919ed3927f89","5","Produto de ótima qualidade. Adorei!","Positivo","Produto","Não","Não"
"c1f198cdce8b992a9cddc3aaba11e689","bf6a2df6b944199274254f8bb0159ec3","5","Apesar da demora em expedir a nota fiscal, depois de expedida a entrega foi rápida e o produto veio bem embalado. Recomendo.","Positivo","Logística","Não","Não"
"19074f5809403265fc47263ea93325ee","028d62c0fdae574114981f4fb33b5538","2","Comprei o produto dia em inicio de março e não recebi no prazo abrindo até um protocolo para resolverem minha situação","Negativo","Logística","Sim","Não"
"c54629f4fc4dcf65a10efb35322ec769","06ef1c484cc535575da1724b5c6b913a","1","Não recebi o produto, assim como nenhum contato por parte do .vendedor","Negativo","Logística","Sim","Não"
"1c6d1543dc13cb2465c63ac5de6cb4d0","b38eef08b40fc62c878cc175dd26cd8d","1","Nem ratrear estou conseguindo:(","Negativo","Logística","Sim","Não"
"31b60e2f8f2acfe8f213ca252f1066c1","7dc5018fbc594b1ce9a945e6bcfc83c3","5","nota 10","Positivo","Outro","Não","Não"
"1f836d160f50247a394034abd93b7c24","7951fe56cf685dca47524b1986bf56b6","3","Esperando o instalador","Negativo","Atendimento","Não","Não"
"a835f8e62dd58cf9c07678bdd7cfb935","793d395a896de12a846ed4f345bce550","2","comprei um produto para ser entregue por essa loja
e ainda não recebi
pois assim já se passou a data de entrega","Negativo","Logística","Sim","Não"
"d92b28e1533de65ba31b2d6756a72faf","a45f5764071ee5b932d1f802e18bafcf","5","Ótimo serviço","Positivo","Atendimento","Não","Não"
"b66f1f980a4832698b613bcce72bb779","0de5dbc9f3226761687d84b54057efba","4","Ótima compra. Ótimo produto. Só senti falta de algum comunicado entre a compra e a chegada do produto, só contato. Mas valeu.","Positivo","Atendimento","Não","Não"
"782be3066f784bbc0a5f4f5256172488","655e65fc77c14d8f715cf7f9684182b2","1","veio conforme o pedido mais o pós venda não respondeu nenhuma das minhas perguntas","Negativo","Atendimento","Não","Não"
"1489ef235189b9e5e1a9d4308bf228bd","a0c370a65210b6a6e739cf8e302b9c77","1","Comprei duas mochilas, recebi apenas uma, o natal está chegando e até agora nada!","Negativo","Logística","Sim","Não"
"26c45530efaca67680b0df712600454a","b002315497c6c537b93652174c833488","5","Perfeitos😁","Positivo","Produto","Não","Não"
"b0ac2d014efe743e181a5e8dc9cfb8ad","483ad8e78dc16136316aded1f0602031","3","O preço foi ótimo, o prazo de entrega que é longo (mais de 1 mês para entregar). Comprei 2 cartuchos e entregaram apenas 1, reclamei e enviaram o outro ainda dentro do prazo de entrega.","Positivo","Logística","Não","Não"
"edd86e0af4dc62b340c60d846643cbf9","9537e35e835d4ae6b7b219b8b2e36817","5","prazo foi estendido,porém entregue no prazo divulgado na propaganda. Cadeira conforme foto, vem para montar, mais fácil e linda","Positivo","Logística","Não","Não"
"5b6a0d5350fe3036f41d543d06eb7a5b","7beece85fb714c481300a516c9fb1ade","5","Simplesmente lindo!!
Adorei o produto!!
Tamanho perfeito!!
Já comprei várias produtos, já faz anos que compro no baratheon !!","Positivo","Produto","Não","Não"
"18abfe82de3995ac67d737ecc8189a31","3cde8944e2cad2f0494cf3f146b4081b","4","MUITO BOM! CHEGOU DENTRO DO PRAZO.","Positivo","Outro","Não","Não"
"c374da82d5c67281544168e3cfb22be3","73bf036e9d518e060d6f766d816483cb","5","Otimo, preço, entregou antes do prazo e produto de ótima qualidade.","Positivo","Outro","Não","Não"
"bbb937e9c2b62a2205af03e8a7fed42b","0ba01684638233b0955369c3ccbdb414","2","comprei um relogio de presente de natal para meu filho e ate agora nao chegou. enviei mensagens e na ultima conversa o relogio chegaria ontem, porem nao recebi nada.","Negativo","Logística","Sim","Não"
"77ac6288ca3e09284cb264d6b0b4d7a2","0ad0006728103ff08cda112f7940bcd1","5","só poderia entregar mais rápido fim de ano","Neutro","Logística","Não","Não"
"284e9d66ebdec028eab3b817447014ac","f1ebfc223dc0c69af08b4810a6a200ca","5","Otima Venda, tudo perfeito.","Positivo","Outro","Não","Não"
"b297a6deb0afe6ada1c2b0fe0365de83","8b12069891e5fff6b77a312c835e3904","5","Produto de ótima qualidade!! Chegou antes do tempo esperado. Amei <3","Positivo","Outro","Não","Não"
"b495f6f95880a213da87b39539fefad9","1d48ff4287c2ff4e757091486fa7c6d6","5","Veio bem embalado, Envio rápido!","Positivo","Outro","Não","Não"
"88b1ded591cdd8c4f48c5285c7599392","d5c8ece04dd0b02a4e72e1938194dd22","5","Estou muito satisfeita com a minha compra e com o recebimento do produto; dentro do prazo!","Positivo","Outro","Não","Não"
"608e890852fc78c3854d83a0cfab8557","2d1f07a3af3df1ddc97efd57a74be3a9","3","Até agora não recebi nada, a colcha estava prevista para anteontem(18/12) e até agora nada","Negativo","Logística","Sim","Não"
"cb0de6745dc7d44ff821eabbc2613df9","2fa7634ce48dabd9f75b76ab8c55a9b6","1","Os pincéis vieram amassados, não condiz com algumas fotos, mas condiz com a descrição. São fracos, não cabem na case e um veio descolado","Negativo","Produto","Não","Sim"
"0871369412bd49aef1b9f916700a9495","2e175b759e9d426f83e9b55b6a0661b2","5","Produto correspondente as minhas expectativas! Foi entregue antes do prazo estabelecido!","Positivo","Outro","Não","Não"
"e47020cf52099bce9dc57524ea41218b","2e23a32f0160b8226732e1fab87cbe59","4","Indico a loja compro sempre na lannister .","Positivo","Outro","Não","Não"
"71f7323f884804c6d38bbcd658e07318","759fc48b9360c6710317b337b9e8a974","1","O produto veio diferente da q mostra na foto, não é de luxo, nem acolchoado como dizia.","Negativo","Produto","Não","Não"
"180e67ff4510555ef7d76de7fe42c11c","69ce5a9c71e938c852ea2142a90dddb7","5","Foi tudo normal , como é mesmo uma compra por internet. Obrigado.","Neutro","Outro","Não","Não"
"7dd163fe175817e9e57f965a4382ecab","c1387d81aa7018f9ecca06376610696d","4","Boa compra.","Positivo","Outro","Não","Não"
"500dab66d2c2cc1b14d64d0e1aa346db","81fc6e842f84e86ce89b0f2e120e04cb","4","Produto chegou dentro do prazo. Atende pelo custo benefício, porém a bolsa não é forrada e a alça é de plástico. Estou satisfeita.","Positivo","Produto","Não","Não"
"9e96e374304db42a8aecd4a97d53cc1b","00f251b943aba645652c7138e4716fee","5","Estou plenamente satisfeita com minha aquisição. E recomendo. A única coisa que não concordo é com o valor de frete. Autíssimo.","Positivo","Pagamento","Não","Não"
"32cba2bc8e4b8a57f2063c108e2d6693","1abad641fc19ed94a5eefb34fecbfc0d","3","Comprei 02 só enviaram 01","Negativo","Logística","Não","Não"
"86b8f28757b213a5f9888c8f31f15dc5","8d48068c3ecbc21886a881562c96d7fa","2","parece que mantem bem o alimento sem murchar (batata palha) mas a tampa é estranha, parece que não fecha. e o inox da tampa é feio.","Negativo","Produto","Não","Sim"
"5bed105c6756af72c550e78d4e9bcba7","63c10abe3e4a1cfbeda3cdde88766893","1","Estou aguardando uma resposta até hoje, sobre os meus produtos, já foram pagos e ainda NÃO os recebi, foram 03 iguais e necessito falar com pessoas e NÃO máquina ou gravações.","Negativo","Atendimento","Sim","Não"
"21d7fa60f781a98de43940c2573d07ee","a41bb2f937139613df86a333fdbaa7c9","5","Entrega e produto perfeito!","Positivo","Outro","Não","Não"
"3e0449b3abd6563eef3fab99a2e5a9ec","2efef48118e6846607240cd8910e05d0","5","Parabéns 😤 pelo excelente atendimento de qualidade.","Positivo","Atendimento","Não","Não"
"19205689f830b4a8f7372c7655e7c4a7","1c8166cad99e5856dfb7d622902c623c","4","Produto entregue antecipadamente.","Positivo","Logística","Não","Não"
"073075873e2d7603248cfc951ad7c2c8","0cae0419c5938004fa8b8dba302552d1","5","gostei de comprar recebi o produto antes do prazo e de boa qualidade. recomendo.","Positivo","Logística","Não","Não"
"505f890341880ff7158b09cabfd90ece","b191ff55d8fb38b19dca4409b536f14c","5","Super recomendo, stark Sempre chegando antes da dta prevista =D","Positivo","Logística","Não","Não"
"f8629b549f7dbe5911ac684cd67b75ad","6e8c8d566d0f92d9ac1a6e72bba1a34d","4","Correios não entregou","Negativo","Logística","Sim","Não"
"2f17f8ffe35062ac9d76c4dde9c181eb","06d7e8a85f5cfef576c5303ed7d7f2e5","4","Entrega feita no prazo e produto em perfeitas condicoes
Parabens a equipe","Positivo","Produto","Não","Não"
"cb0afd21795569cda373d39c5a0ca502","d8253682886103126c169f93e8b46349","3","ainda não recebi o produto","Negativo","Logística","Sim","Não"
"d34ad0ccdfa8649968e8eb3cac55e8b4","75a935207305c1dd6146a8012323cad9","1","Gostaria de receber os produtos corretos, tentei realizar a troca pela devolução de dinheiro no cartão, mas o site da lannister não possibilita que seja realizado.","Negativo","Pagamento","Não","Não"
"12f226601192062b644b158e0af9e723","b636037a882bd588f102f9f3fc29b2ca","5","Produto perfeito, entrega rápida. Estou satisfeitíssima. 👏🏽","Positivo","Produto","Não","Não"
"2d0d80576ee9bbab49cc108d9ec7a0fb","475f773f6c0d909e49b758adb2401e3a","1","meu produto veio com defeito,devolvi conforme informado.postado no correio conforme indicado.e até hoje não recebi nenhuma notificação da empresa quanto a devolução e análise para ter meuressarcimento","Negativo","Produto","Não","Sim"
"c70f661829da37bccaeda6bcb6aed01e","e387920071d53124f3db7d7b1a42c257","5","O pedido chegou antes do prazo. Obrigada.","Positivo","Outro","Não","Não"
"45d1572f5bfca2707ae6748265f8169a","bdf7cbcf2a174866c15ade0d9a55bf7d","1","Só recebemos 1 cartucho já abrimos reclamação no site e ainda não obtive resposta.","Negativo","Logística","Sim","Não"
"cca1567911b8150cfda5ce46e6a8ad7a","579d1ca1c229566ac9ad0bb17a50f99b","4","Produto de alta qualidade. Descrição confere com o produto
Entregue no tempo certo.
Recomendo.","Positivo","Outro","Não","Não"
"8f16e30ff188fe57a427fee7afb60c90","f4836c9fdf304c98f625b549ea6bbc39","1","O tampo da mesa chegou todo amassado e batido.","Negativo","Produto","Não","Sim"
"a099d25e117c98a5d7ae5b70119b7f32","e9e76f41dadb7c83d5f8dcbd2ca7473a","2","Dentro do prazo porém poderiam agilizar como no meu outro produto que foi entregue em 2 dias.","Neutro","Logística","Não","Não"
"90d7c8c2bc4d1328995149f3fd6ea941","bac1117353bfc077a092eb57e24419cc","5","O relógio é lindo e a entrega foi muito rápida. Recomendo!","Positivo","Outro","Não","Não"
"294845299f875a2abb84852d4c5be77b","59463b9c36d6a23c7c054114382f6d33","5","Adorei! Pequeno, fácil de usar, não arranha apela e limpa a pele.. recomendo","Positivo","Outro","Não","Não"
"83f2d758c5e31f14e3d8ce9bff55780e","0ec7299d65db721d9a6b5c95c2ff494a","5","Como sempre, excelente serviço.","Positivo","Outro","Não","Não"
"f43eeb6bb515e7c94635efb799ac5901","7b2e128ff26556462b7d217f1b67600b","1","Até o momento eu n recebir o produto","Negativo","Logística","Sim","Não"
"4ba573578ef9ba73205025d483690779","8024bee268e76b6cff9da86da00f1490","4","Como sempre lannister entrega certinho","Positivo","Outro","Não","Não"
"94d950a41403f4a115ab713488ddb3cd","dcd9b00fff62919c208f9e424f8b2c13","5","Produto perfeito, chegou antes do prazo!","Positivo","Outro","Não","Não"
"56f8b1f478a87c6604588ad148e61ca8","635607b37cf3b851396ef5a76be8b89f","5","Muito bom o produto, melhor que esperava e foi entregue no prazo, gostei bastante.","Positivo","Outro","Não","Não"
"7b66de927426b71a817aa36df5e8a0b3","634e8f4c0f6744a626f77f39770ac6aa","1","Muito bom o produto e preço cobrado!","Positivo","Outro","Não","Não"
"f90a3cc882abfe97a109dbd6d6e1203a","ffa378a0d8e871367fbe51bdd9e12a1f","5","Sdds","Neutro","Outro","Não","Não"
"a425fade0a366210ed595648f21cb93d","efe03a561138a005da4b1e37d1b2ef36","5","muito bom o produto.Recomendo","Positivo","Outro","Não","Não"
"7f2c8f10a5eec4375a11cbcb3573310d","492b48333a37f2f70213b81672d4aa06","5","entrega dentro do prazo isso é importante.","Positivo","Logística","Não","Não"
"c68c027ea1d9979f147099c68efd93e6","e87c331d21a3fb3085079a9b32f4a56c","5","Gostei muito , o objeto veio o mesmo comprado, já comprei em outras lojas e veio outra cor ñ Gostei! Com lannister tudo ok.","Positivo","Produto","Não","Não"
"d2b2e7612330948a735af300611bb922","e77b736410809924bdd6ceea09559cfb","3","O aparelho chegou apresentando defeito, não está apresentando todas as funções no visor digital.","Negativo","Produto","Não","Sim"
"bde05133984518116b3d77d994e375d3","2a743fc30067036b7910663ced5a0b7b","2","O produto não está nas medidas corretas indicadas na oferta. Terei q ligar para vcs para troca","Negativo","Produto","Não","Sim"
"253662a4cd78b84ca6547d0359fe90f6","aeb81ccabe4f164a26e763cd5b07fd99","1","No aguardo de um retorno urgente.","Negativo","Atendimento","Não","Não"
"24203dee295cf23bd24b7ace9bca261f","1e189a60261c3efb60bdace6d37ac223","1","Produto mais que passou do prazo de entregar, tento resolver o problema com a empresa e não consigo falar com ninguém. Tudo que fazem é me passar para reclamar num sistema que não funciona.","Negativo","Logística","Sim","Não"
"38bcaf95057f842c3b64408733eaab1b","ca36cc19c0a413c8f724ae07323cd2cc","3","Só recebi um produto. Consta que já recebi os dois. Não recebi a sapateira.","Negativo","Logística","Não","Não"
"4f3d4af8f472d4ccd334d4222c4e9ef4","f58c538485f196aedcc7a7f6cbe34dd6","1","Deram um prazo muito grande para a entrega do produto e não conseguiram entregar no prazo","Negativo","Logística","Sim","Não"
"8bc4d875dbab927e9190060688edc80f","b6e5ddeaf2e5b56015e295beb333f305","2","Excelente produto indico a qualquer pessoa.","Positivo","Produto","Não","Não"
"cf8b4347ae76e6b7992a8c63f3d51774","f0fb77580603e4f955c60d3fe023553f","5","tudo certinho entrega no prazo ótimo.","Positivo","Logística","Não","Não"
"2165b2b26e67eee7a9d28e13c0ad0468","d2aefa1e404936eb9c5660ac2bde4ecb","1","Não recebi o produto.e agora?","Negativo","Logística","Sim","Não"
"fed701d8d331019dcc29237db66c8523","f97c752350c4546ad37ac0e5adf87f93","3","Chegou amassado...","Negativo","Produto","Não","Sim"
"9dc35c0d556a65f1c4aff189de0d60c3","956f15dfe9a7f2414a02c445fdbb865a","4","Recomendo!","Positivo","Produto","Não","Não"
"1edf2a3596b417ee8485f64c7c2109ac","d2b733c929342acefcd33572f8a1e3da","1","comprei tapete de borracha para tr4 mitsubishi a loja entregou um tapete de pvc horrivel
no titulo ta tapete borracha tr4,
me enganaram e agora o que fazer sendo que tem despesa para devoluçao, por","Negativo","Produto","Não","Não"
"f54fd311f6fd8cd1b4affd14bdaf04ce","6e8e751584b3e3141e3e3c39f71408c2","5","Ótimo perfume. Fragrância maravilhosa. Recomendo","Positivo","Outro","Não","Não"
"43310eef57e5f5f520cdb52f91b9876f","20f136d890c31a62486c809f91a5b098","4","muito boa e rapida e o produto veio em bom estado agora e mesmo fazer os testes!","Positivo","Outro","Não","Não"
"7c38b0697f3d800e6314b76b382a9f7e","ab6e1678559b60b6e6a7db4837d6664d","5","O produto superou minha expectativa. O prazo de entrega foi antecipado em 7 dias. Já instalei e ficou show.","Positivo","Outro","Não","Não"
"13af9d6501d608374c69d002c6b37ce1","290d464dc4d780ddcd120552cf21c640","5","entrega rapida","Positivo","Outro","Não","Não"
"02303acbf32fcc6401f552eaef2bf19f","3daeecbd44a76530c8e9d0ac1ea4f581","5","Previsão de entrega até 18/10, recebi em 05/10, excelente.","Positivo","Outro","Não","Não"
"f99ff17e430a53efe61d359faa3b425e","009838529bb913846ab6670d22865381","3","SOLICITEI DEVOLUÇÃO. PRODUTO COM DEFEITO","Negativo","Produto","Não","Sim"
"169f34e00e26eea55ba60c7b19170e66","93aa1607392862dacfb4b54774480f1d","5","Loja em si é boa pena a americana nao da suporte ao cliente","Negativo","Atendimento","Não","Não"
"3ddeab8903b5a44dc3fc4d34b3a476f3","ac5daeb29c4fe812e7e48753b886f6f1","5","Exatamente o que eu precisava","Positivo","Outro","Não","Não"
"cd9125d39cfcb70ed3967732642e4864","cc80e8ed42d1d4ac3dbe8e800672d01c","3","Achei a qualidade do produto muito ruim, não veio nenhuma bucha ou parafuso para fixar na parede.","Negativo","Produto","Não","Sim"
"1aab39030ff449c992217a3b137539eb","15564b81a39383f08dc90fa1fac055bf","5","Obrigada, chegou mto rápido","Positivo","Outro","Não","Não"
"727e90447c06918e0d7a7a6d0db040c1","f29b9aad274db0c763f241cfe781466f","4","O único problema é que a marcação de data é a marcação americana.","Negativo","Produto","Não","Não"
"11d080870bba1f6ee139bd07dc192d2e","4433ebc14c69e56090cb4e96d574d9c3","4","Acho que o produto deveria ter um prazo de validade maior.","Negativo","Produto","Não","Não"
"9a2056d86f12c153d8fbc8d9005e6ac8","54822c94cce4ceb64eb08bbb05fa8fea","5","Entrega antes do prazo, recomendo essa loja.","Positivo","Logística","Não","Não"
"fd3d03c6a501c1b3de0bf420354ab595","8c3a0f92a654ef1a5062138245e23887","5","show","Positivo","Outro","Não","Não"
"8c8ec6ed4210b3d764d3dd3bbe9e87d9","13ab379ac762d840b29042681a1a6156","3","Boa noite as lojas lannister são ótimas adoro o site hoje faço pouquíssima compra pelo frete abusivo infelizmente não compensa como antes mas precisamos comprar obrigada","Negativo","Pagamento","Não","Não"
"2acc7c2cb1cc5ecf180610f8f505af5b","9c9b9122cad8803b5a5373345e256d99","5","Excelente produto, bonito e sofisticado.","Positivo","Produto","Não","Não"
"185ddd533ae43daef9e6e905f5bd0207","e7ffbd51295367d5f8a78ba036ac2b49","4","Não veio a nota fiscal","Negativo","Atendimento","Não","Não"
"7a845d0d61a2195360d6856d4f0bbaa8","efd5eba320d140f8659440d74a81fc90","5","agradeço muito, pois recebi o produto correto conforme encontrado no site, a entrega foi super rápida. fiquei muito satisfeito e com certeza vou recomentar para os amigo.","Positivo","Logística","Não","Não"
"0643e09decfa0910bdc5645ff1914b3c","f43852197ba26a2152a47dcb6d17ffe3","5","Entrega rápida produto conforme anunciado","Positivo","Logística","Não","Não"
"fb9c35dd3f4294381b42154f21186e83","643e340c6c562d108526c36d5a94c027","1","MEU PRODUTO AINDA NÃO FOI ENTREGUE, JÁ FIZ MINHA RECLAMAÇÃO E ATÉ AGORA NÃO TIVE NENHUMA PREVISÃO DE ENTREGA. ESTOU SUPER INSATISFEITO E QUERO MEU DINHEIRO DE VOLTA. FOI DENUNCIAR AO PROCON.","Negativo","Logística","Sim","Não"
"2464e0bf2ea1b52aa5552b70e5a10dfa","a12c7cc529c689355b84f45a8992971d","1","A cortina não é o modelo que pedi. |","Negativo","Produto","Não","Não"
"9ee1b9577cf8288c192d2060101e1db4","23bd3ea8478099ea89638b5514a1198b","3","A impressão está saindo com a tinta fraquinha...","Negativo","Produto","Não","Sim"
"70d2258489cae12a65d36c8c09fd54c1","b1b6c6679301e883c54342f1610a5360","1","Comprei Rosa com Braços Brancos e entregam toda Preta ?","Negativo","Produto","Não","Não"
"e0dc4bf3a60093ee76994fe44150a25c","ab275e2c1b924e6f63d5edc630a56262","1","Preciso de uma previsão.","Neutro","Logística","Não","Não"
"9ffe2034f40d65f5541cfecbd8156e86","0af403b34dc11cd542ac6d94ad39aede","5","Estou muito satisfeita chegou antes do prazo super recomendo","Positivo","Outro","Sim","Não"
"7c01583ff2055c3fd37cd3666fa0865a","4f25074c14f57fb1a98808c9a2f820df","4","Produto chegou antes do prazo estipulado e atendeu plenamente minhas expectativas.","Positivo","Outro","Sim","Não"
"1aa5d3f38b359bc5103fcbdcb2c77223","274c63b06327262e50b1798060d9dea9","4","Entrega dentro do prazo, produto sem nenhum problema","Positivo","Outro","Não","Não"
"73c3dcf098d78d2bdd96f22aff4f15ef","3d2919530aea3496b5773b143910145f","5","bom","Positivo","Outro","Não","Não"
"e93caf1e1d6e84cc001518f2d191eb5b","4212c4acae39b267aabc4696d873cbcf","5","Boa qualidade e preço.","Positivo","Outro","Não","Não"
"152ffa9780fe798c8e669cd233937853","d455a8b19923a717a1d1cfb67604e8c6","5","Sempre entrega antes do prazo.","Positivo","Outro","Sim","Não"
"80877ac989fee57cd52b92256f3d11a0","fc746d47c955d1db95910a81fb288e23","5","muito bom.super recomendo.entrega sempre certa.","Positivo","Outro","Não","Não"
"90018c08b2ca29dddcf499cfa5ec54d8","4b460251c3d2ba44dd61b0b6c3410ac6","3","Boas Pessoal, a atendente da lannister foi muito atenciosa porém a loja que deveria ter me entregado o produto cancelou a comprar ??? O que será que aconteceu ???","Negativo","Logística","Sim","Não"
"16c4cbab64fb7841bfe489dde62cfb17","96c1f803bd98812f30e0e72841822e3e","5","Entregue antes do prazo! Produto perfeito!","Positivo","Outro","Não","Não"
"ad7204cd98f8e23ff0baddf143a767cd","aee1ebae09f6d91ca6a459bf47b14072","5","Recomendo para todos, não tive problema nenhum, mercadoria e prazo ótimos.","Positivo","Outro","Não","Não"
"9dafbd3be0c9b24bef2379b68a563802","c00241b8d22988b4f305a817f47bee80","5","Gostei de ter comprado nesta loja. Atendimento perfeito.","Positivo","Atendimento","Não","Não"
"3171979b1a7f31c323c2807e85246b47","bf43328103299ae529116e4521e82191","3","Comprei uma cadeira, recebi no prazo, porém a cadeira veio quebrada na parte inferior. Poderiam ter um maior cuidado na embalagem.","Negativo","Produto","Não","Sim"
"3290358432db6915f973e6b11fa1460b","725bde8878fcc8a1baf2c8ceef40d726","5","Sempre compro e sempre recebo o produto certo no prazo ou antes do prazo","Positivo","Outro","Não","Não"
"4fe147835743747f5c1ceff423fc0330","4b5648d8399ea47a4c323499045aaefc","5","ENTREGA MUITO RAPIDA","Positivo","Logística","Não","Não"
"75821c5c8a5c0c6eac2f4c92a9c1fdd6","4017df0a0c73564d88bd596e06e42c2d","5","O produto foi entregue bem antes do prazo.adorei","Positivo","Outro","Não","Não"
"317a22fbeac23df2d0e098bf85ab709b","de4090fd9b7900d46323b0c7c36b7128","5","Ainda nao instalei mais gostei muito","Positivo","Outro","Não","Não"
"de7648e683482829b3ac3ba3a4ae64a0","21dd600edd64e225d04af3670d1803b3","5","Bom produto. Entrega rápida. Recomendo","Positivo","Outro","Não","Não"
"4cb1244eb3e77c0e12d932664e701c7a","90ec7e058a164b8dccce02591de2f99a","5","Produto recebido no prazo e em perfeitas condições.","Positivo","Outro","Não","Não"
"72cc238a6aa8a5af88b0c17ebf469c95","24125310335475b73015f74ec4327c2a","5","muito bom","Positivo","Outro","Não","Não"
"560effdc2aaba0ed5d37ed8a98cc6af2","3ef6bcdda6193f8657168ba7e8b3e948","1","Recebi outra boneca, quero devolver e não consigo contato! Jamais compraria novamente dessa loja!","Negativo","Atendimento","Não","Não"
"397f27a0d2936d02d3447864e0398414","8f15948ef0bdb4709a5801084a564c56","3","ótima compra
mas o frete nao compensa,pesa no orçamento.
devia ter frete grates","Negativo","Logística","Não","Não"
"355e3b3cd36a00e086a3b0d6554f38ab","195aef69980a745473d3fa7be3523f58","5","N/a","Neutro","Outro","Não","Não"
"8ec042451b89064557a26251a05b9549","006e91ddb0674525f84ce0da0655c7ba","4","O produto chegou como eu imaginava,por enquanto estou gostando","Positivo","Outro","Não","Não"
"d6050b36487220bdaccd334bb5ef4743","38d11c87fc409de31e930084abb0c7a4","5","Ótima rápida na entrega OBRIGADO","Positivo","Outro","Não","Não"
"d8d62030afbc777000b61bdfc7312939","14a05c02d483800864e5c19a3a7f0ee2","2","Penso que deveria haver um modo de se comunicar com a empresa caso acontecesse de encomenda não ser entregue","Negativo","Logística","Não","Não"
"7b9ea09f44cf4f5e243a350fa70eab48","97df9530497023b31dd0654f5908e41b","5","Produto bom, prazo bom...","Positivo","Outro","Não","Não"
"9ce22b6350befec73bf15364d70588ab","1e36204fd8a2e695a35dd5e41cd392d8","5","Muito bom. Já é o segundo objeto que compro e recebi sem problema nenhum","Positivo","Outro","Não","Não"
"99b5afdcda45e1f9c9f0dc0292b61f1c","5509f25fd68fac3fe49fc1a532ba33ef","5","Bonito e de boa qualidade. Adorei","Positivo","Outro","Não","Não"
"13e80f4d3fe96747729573b4a95484ab","07d60a76803db63f0ca6708011e8cf9b","5","O produto chegou antes do prazo.","Positivo","Logística","Não","Não"
"3a9cc3b90bc22af3b6edec6ac5e899c8","8071505187465938d3f033c82180edc6","1","Boa noite , não gostei pois nunca conseguimos falar com vcs pelo telefone","Negativo","Atendimento","Não","Não"
"6ec93e77f444e0b1703740a69122e35d","d8cbc79d1dd84f3c87cb2ca7663c930e","5","Vendedor compromisso do vou o cliente","Neutro","Outro","Não","Não"
"1a91202cd7f4d5acd2bc109d5fd3c047","5d05ba02d8d5d85144c3c1d7ea3f0aa5","3","O produto não atendeu minhas espectativas, pois os potinhos são dificeis de abrir e fechar e a bandeja onde vai os potinhos veio com pontos de ferrugem","Negativo","Produto","Não","Sim"
"974929cd0aae95525e5524f8d666160d","ac44d431499dd1f572a4dc7408581e7f","5","Muito satisfeito entrega super rápida.. Show ..parabéns.. eu vacilei e comprei um celular nas casas Bahia tem quase um mês e não entregaram..","Positivo","Logística","Não","Não"
"56fc6462a410dddd67d6644d254018bc","c4421eb740558d775cda9f659561f4c0","5","ótimo","Positivo","Outro","Não","Não"
"dbfd8cba8b9ceff10f99ac7274f033b3","0f45620a11a03ee4bdf8f0877f47ad28","5","Tudo cento e no prazo recomento","Positivo","Logística","Não","Não"
"bd9ff9329765ed79c1b081269e9f08aa","4642ed1845e7cd193a89f622e9f4611b","1","Não recebi o jogo na cor tabaco. Só o vermelho.","Negativo","Produto","Não","Não"
"3ba4306480ae86226634b10b023a1250","0a6b6d3fb4616f5b647bc8b0b8f69e0d","1","Nao foi entregue na minha casa , por isso nao gostei , nao tenho tempo de esta indo nos correios..","Negativo","Logística","Sim","Não"
"cbaa2ae22347e22bbb037d421072eee9","a7c15b0c36e82951ecee0ed6d850ebb0","5","Compra perfeita.","Positivo","Outro","Não","Não"
"556e5259e2d5b0cbeec371d7a22bef5a","49267f83c9f436f1147915577fdeb110","1","O produto veio estragado","Negativo","Produto","Não","Sim"
"f4ac38a0c605e0acf87051fd53a414fc","fd9fd21af695ddc1b8200a18954f7b73","1","Minha mercadoria não foi entregue , já paguei a primeira fatura quero cancelar a compra pois paguei o frete e não recebi a mercadoria.","Negativo","Logística","Sim","Não"
"b2afc68cb2d3f8cbf7bf956f76c0855c","80fcac926630a1f8dac09acd966434ed","1","PRODUTO JA CHEGOU COM DEFEITO NÃO FUCIONOU CONFORME MINHA NECESSIDADE DE USO. INFELIZMENTE ULTIMA COMPRA MINHA TOTALMENTE INSATISFEITO.","Negativo","Produto","Não","Sim"
"156e9ca1f645798e0ddf64dfa79566cf","7e8af96fabba7a99d5206b8db4b7b098","3","Recebi apenas 1 caixa com 100 unidades, e pedi 2 caixas.","Negativo","Logística","Não","Não"
"f76c1205c2a85f2be09fbbe71d8d0b7d","d917b61df82dea35fe77a6dd3f6022e3","1","COMPREI DOIS PENDENTES SÓ CHEGOU UM. PRECISO SABER O QUE FOI QUE HOUVE?","Negativo","Logística","Não","Não"
"90ee8065d229642eab9c2ffe3b33b91d","e95cac7e9ed8e477d726d47f72f420c6","4","Recomendo esta loja entrega direitinho","Positivo","Outro","Não","Não"
"8f4c4882df92da5127153b67f5541806","35084b4c2264dec95673bc5b657289c0","4","Tudo conforme e entrega muito rápida!!!! Que pena que não verifiquei a cor, pois era preta e precisava de cinza. Outro ponto que tive que lixar pouco para funcionar, mas nada demais.","Positivo","Produto","Não","Não"
"a9a9489f00b37728b4905e47f2b95a4d","97c03a7db982e3af99d766bac1aadc7f","5","Entrega rapida e correta","Positivo","Outro","Não","Não"
"20562de5e34d504826c5b9e893ee1f6a","d23640d83f7d582c4328ffd875e14966","4","Produto de fácil montagem e atende perfeitamente ao propósito para otimizar espaço.","Positivo","Outro","Não","Não"
"31a0d09572da13a6a587b2986e6b1b34","4201a8366a21b43a6b9c2c912a2dd5f4","1","Produto veio com amassados e também não está funcionando corretamente.","Negativo","Produto","Não","Sim"
"8f39f09c22b1ceb6e3eb178d8e50bb8a","432aaf21d85167c2c86ec9448c4e42cc","4","Gostei do produto","Positivo","Outro","Não","Não"
"727fdc53d2891323aa72c4c79650c325","6e28885b3b46ef6ae9dfa9209e1c8c48","5","Produto de ótima qualidade","Positivo","Outro","Não","Não"
"b9867004151eef78e82f18728f2a3cee","c5b977015b27b1b086bebf07bd454df6","1","Estou esperando há mais de vinte dias e ainda não recebi meu produto e não consigo nenhuma informação.","Negativo","Logística","Sim","Não"
"5c5486a9b74b631a072e526841ab8b46","a7547ae74369b19c925d4d0f11047e7c","1","Estou aguardando posição da empresa para fazer a devolução do produto.","Negativo","Atendimento","Não","Não"
"e8ef92df93348dc8d96b1b6a8b0567ee","2b60eebc028bc36dca9f731556d1581f","1","fornecedor não enviou o produto correto. solicitei o sabor chocolate e me foi enviado outro sabor.","Negativo","Produto","Não","Não"
"298ffc4bb0dd5670802b63b3ed1eda85","afde95a684781b6fa700b1e2fc79416c","5","Recomendo está loja.","Positivo","Outro","Não","Não"
"46bfb3203befc211c0947d6081d17b73","f5327a56946560898f7ddeb8a9ad57ae","5","Ótimo produto.","Positivo","Outro","Não","Não"
"07405437bacbc37e029fe5f5e10cb4c3","724c7b9d5d226631f82c0c09a9f51685","5","Excelente","Positivo","Outro","Não","Não"
"cf6ec44a22aa0a5493571b9de442d618","3cf0c41fd2773c0890ece77fd53e071d","5","Continuem assim, com essa responsabilidade com o consumidor, tanto no produto, quanto no prazo de entrega. Primeira vez que compro e vou comprar muitas. Obrigado.","Positivo","Outro","Não","Não"
"e9c585a94227ab05461a7675ca5f010c","55d599a99424bf5a0293a84f8f65a13f","5","Adorei. Moderno, bonito, meu cantinho do café vai ficar top","Positivo","Outro","Não","Não"
"ded7897490401f7aec8ce868a10fea17","c3a937f97910c3602c1e4cdb4b951b1e","4","bom , foi o que esperava.","Positivo","Outro","Não","Não"
"9c8dec22e76c10ea9da9997073dd41b0","ad4e4232930ccc325c9ff5017caf7486","4","Tudo correu como combinado, nada a reclamar.","Positivo","Outro","Não","Não"
"8c80c295fa55d3bfc5c685c342ecf6d4","d00324ba609a8298286edcf713565755","4","De fácil manuseio, até o presente atende as expectativas.","Positivo","Outro","Não","Não"
"43375ed8d561b2d0dec4486143cb871c","21717aa89515f9499d2c94578f7848f8","5","Relógio lindo entrega antes do prazo","Positivo","Outro","Não","Não"
"da9f8f6a08145c2d7c041e57a3f262be","25be8e0ff01817a8a96f61605da2e447","4","Veio conforme o anunciado simples mais bonita.","Positivo","Outro","Não","Não"
"f2c8cb38137fa6a2c2ee5831650a6314","4426515e1fede07af676dc0c1caaa2d3","5","Produto condiz com o anúncio","Positivo","Outro","Não","Não"
"d838d6e37f4ee0ce4d0a56e5d5211038","37069a22c82db05d43b447a96abf4af0","1","O produto ainda não chegou","Negativo","Logística","Sim","Não"
"00a1b1c8636bce2a676e93c203c1d585","78efa452393fd1c902416648db793ccf","4","satisfeito eu recomendo","Positivo","Outro","Não","Não"
"084a39ba9b337efa6cb122af96c4b5c2","8d39667dd1c683e4a8b9dc1f16d08cb9","5","Amei, chegou rapidinho, ainda vou testa-lo.Obrigado!!","Positivo","Outro","Não","Não"
"0db1b55476da996d2b2b46a74a6ae167","4c9147aeea82dddeeff09c3a170a4820","5","Gostei muito do que comprei com vcs muito obrigada breve farei outras compras vanda","Positivo","Outro","Não","Não"
"db64106aff6c7180cb841937f43f5f44","208215ef3138230b69b97f3fb415e9bc","1","Ainda não recebi o produto...","Negativo","Logística","Sim","Não"
"c6651e175e432ceceec4c2e34c8f403b","bb057bfbaef57c23461268a4788c0a27","4","Recebi, a bolsa é diferente mas gostei estava previsto pra 31 de janeiro estava achando muito tempo porque é pra escola e estou aguardando o vale compra da primeira compra da bolsa que não deu certo","Neutro","Produto","Sim","Não"
"19b4862e9952de13d95f480bb053955d","0121cfa7c946e6589f50d7012d3eb5eb","5","Recebi o produto que queria e antes do prazo combinado, muito bom, recomendo com certeza.","Positivo","Outro","Não","Não"
"485d8767d19fdfb75652a75ffcc45955","fec1a2a1810b5d8cb301a4ddfebbd306","3","Na propaganda está escrito Mixer elétrico e veio um portátil que eu tenho três que quebrou por isso eu queria um elétrico, vocês devem especificar melhor os produtos","Negativo","Produto","Não","Não"
"31ded2a6b13dd99a719388ce501d8c06","34245c681fa744fbba46cdafcd007135","5","Produto entregue antes do prazo combinado. Não é a primeira vez que compro pelo site Lojas lannister e recomendo tal empresa pela seriedade no trato com os clientes.","Positivo","Outro","Não","Não"
"d6b0a9e1cc2bd827de2f63af37710456","41a48f4dc75f01b16dfa7e32cb456ebc","1","Comprei 2 produtos so mandaram 1 e n mim deram nenhuma justificativa !","Negativo","Logística","Sim","Não"
"e73e80ae479611c5bba51fec8bdee431","aec77276e0dacfea29f58e0908b46e21","4","Agradeço muito bom.","Positivo","Outro","Não","Não"
"8f965d010b3119d9962e091de3425fb9","1c4f7f07e974a6d951ac86cd8d4d450c","4","*******************","Neutro","Outro","Não","Não"
"9f2ba62e9e1e34d06e8ae338c55e9ce6","eb22a3bed09014af3e8b797ca6261a9e","5","Dentro do previsto","Positivo","Outro","Não","Não"
"b120b1baae836932650815f88f2ffa0e","9d53eb1894b55d3730b9291fb6a8886f","5","Recebi antes do prazo estimado.","Positivo","Outro","Não","Não"
"30f2619843ddd4a19bbcb306669d2bf0","5bb8d2fbca419676d395687e28f5263b","5","Só imaginei que fosse maior a boneca. Mais é legal","Positivo","Outro","Não","Não"
"ef53057f3251e89611bcbc665e575765","55dfff244bc5d5f81d58d4148062c9b6","2","Tive problema na entrega, pois não tinha ninguém em casa para receber a mercadoria no horário que passaram.","Negativo","Logística","Sim","Não"
"8e5408e78acc81f872afcbcd6e30b45d","0dc2734aeb43fcd6b5c4a6d6296f50c5","5","Atenciosos,ligam para dar acompanhamento. Bom prazo de validade. Demorou de chegar. Agora é verificar a qualidade do produto.","Neutro","Logística","Sim","Não"
"1eca8570e301d2d9ee72698803c6ae41","f0b47dadd5f372c41ae2cab6c72877da","5","Muito eficiente entregou bem rápido eu recomendo","Positivo","Outro","Não","Não"
"7dcd9012da02a79fb7b0eeff1bf4b8d4","2850b44a6ac24793c4c0dc86095ff024","3","Muito lindo o Relógio!","Positivo","Outro","Não","Não"
"6ba1766d9c526808f65628f92152e350","0a1bbcb7a1af6b58931664e147542a2d","5","Otimo produto e entrega no prazo","Positivo","Outro","Não","Não"
"55876f941470173bcf4d2013be74d18c","3cf35e66383eac0fa651e99728d09c8c","4","Chegou antes da data do prazo, porem vazou um pouco do produto!","Negativo","Produto","Não","Sim"
"2ed1494f9e91342a5db42dac68d47f97","de59016b99422f0bbd7e51a301bf2578","5","Sempre que compro com vocês meus itens chega em perfeito estado....","Positivo","Outro","Não","Não"
"416618a6ae27f1e81d8394bf3c9b7e84","2a5243c1617fc7fbba213c4960700889","5","Produto entregue antes do prazo em ótimo estado.","Positivo","Outro","Não","Não"
"02dae59a597c87b10313d8d7191a2dfa","49935c2c36ceb474c290a1987bbb941e","3","Muito bom.","Positivo","Outro","Não","Não"
"f8bd5a669a85f79aeb46520970a3fabd","4139faf4f621fe4b49e3e0d71bce665c","5","Entrega super rápida. Produto de ótima qualidade. Recomendo.","Positivo","Logística","Não","Não"
"08ee947fb131a0a99cc9c7cb8b111238","0666806082c797ed8410aadc2e08f286","5","Produto lindo, ótimo","Positivo","Produto","Não","Não"
"5614075d5aa1114b82560046ece86bf5","62b913bcab921594dd1136fa97a7b627","5","excelente","Positivo","Outro","Não","Não"
"d51ed05f67b66d49ec9c0d2781068366","c679e1baef76a7cf123dc697fe11c7ad","3","Esperava mais, as toalhas poderiam ser mais grossas.","Negativo","Produto","Não","Não"
"1f0c5d31b49a18cc26e64301f5da849f","f810273bc84ceae52faa5a78522cd46d","4","Entrega uma dia antes do previsto","Positivo","Logística","Não","Não"
"544f2ad73dffeeba91c790703bc465a0","881e07dca72b3b124ea46a389c69bb31","4","Demora um pouco pra esquentar, mesmo na potência máxima 5. Mas atende bem. Nos rimeiros dias de uso tem um cheiro meio que borracha queimada, mas passa... recomendo pela praticidade e custo/benefício.","Neutro","Produto","Não","Não"
"575f8ea4f8e6c9f525c2ec2f69f05807","23976d6dc9224e9d1f9e38a7b6fb03df","5","Foi entregue bem embalado.
Entrega rapido comforme prometido
Comforme a imagem.","Positivo","Logística","Não","Não"
"1f5aa5d7c3ee7895e4d223797b5a5f2d","c79bdf061e22288609201ec60deb42fb","5","Tudo ocorreu de forma eficiente","Positivo","Outro","Não","Não"
"0090eb2a29946f932f1f7af8cbbcf9c0","d65342a5836898c61a3ca324c2226927","5","O produto chegou antes do prazo e em perfeitas condições.","Positivo","Outro","Não","Não"
"affce0d83d9e8f6af570bc097c2e424f","286a461fcd1b94e24227817fa93f8a57","2","O produto não corresponde ao que eu comprei, a película é muito menor que a tela do celular e não cobre toda a tela.","Negativo","Produto","Não","Não"
"ca5bc3c72f83c6fb95f7f72b290a492c","9e7752c172e3994115a2cd609a18de29","5","produto conforme anunciado, e veio antes do prazo...perfeito","Positivo","Outro","Não","Não"
"4d59d6249215713bfda42353af53f255","4ab8b7a8e23908984157974ae4ad6436","4","Produto bom e entregue antes do previsto.","Positivo","Outro","Não","Não"
"eaeafb542d4447da454cf68e302ae2bf","b8615aa7e6248212cab23e120279acf2","4","Ainda não usei em nenhuma viagem, mas parece ser muito boa.","Positivo","Outro","Não","Não"
"536c631d5f15eab8260d69b603779f99","62fd709303ada1fdabb94af48092000b","1","O produto foi encaminhado para cidade de destino no dia 31/03 e até o momento não recebi.","Negativo","Logística","Sim","Não"
"fadbb6e8c12f707455054fbd9efcd289","264deac888717a54971fa3109f6709e3","5","Recomendo","Positivo","Outro","Não","Não"
"6be6676c6938834589c04bf934756e79","a7c96c67b28612698cc5e0fb735dad94","1","Produto não foi entregue!","Negativo","Logística","Sim","Não"
"1a8dab4afb8c80d8d257fe0156d764b1","f4a8cf5dcabdbe8dd7e65e1674db3015","1","Simplesmente não recebi meu produto e nao tenho um posicionamento decente do que acontecerá.","Negativo","Logística","Sim","Não"
"bceb8ea45e016d1107b14400a154e4b1","af1ffd059ac0a5f3996b4fe6c2863116","1","Não recebi o braço de ducha com desviador, somente a ducha 20x20 com braço de 30cm.","Negativo","Produto","Não","Não"
"c27c301777803a6c53b4306aa298bfbd","4cae9d93ca1f1266e9ddfc79f7ff85db","4","Adoro comprar nas lojas lannister","Positivo","Outro","Não","Não"
"75ee2eb06a5a7fcce52cb67ddc6506ab","d3397f49eba129958cca1d4ed73dba9a","5","Entrega muito rápido, e produto excelente","Positivo","Outro","Não","Não"
"3242cc306a9218d0377831e175d62fbf","711246846695fa895c1776f0ddc30b20","5","Ótimo","Positivo","Outro","Não","Não"
"803b03abd2372308b85988608e895d3d","f54625bd1c01cb2de21cb256de818cf2","1","O produto pode estar com mal funcionamento.
Ou o meu telefone não está conseguindo fazer a leitura.","Negativo","Produto","Não","Sim"
"a19e0a3ad1dcda0f28ad1e37fff6ff27","4888eb67727162d62e275521e8d6bf41","5","Produto entregue","Neutro","Outro","Não","Não"
"6ca6687c5fbfd2dce06daaec628bdac9","db0335818a0e49d9d5bbe1ce0a99310e","1","Loja sem vergonha. Não entregaram o pedido e tiveram a descaração de duErem que eu o cancelei. Porcaria de vendedor. stark escolheu muito mal o seu paeceiro.","Negativo","Logística","Sim","Não"
"b1a92c5ee9165644e1d118ec4e4716d9","7ae08d7647a19235b8c81f7769a1714a","5","Muito bom","Positivo","Outro","Não","Não"
"b51d516182fbac0aacc8b086e803dcde","4d59391202a2a67c2e2fea6f349a67f5","5","Recebi o produto que eh falso quero meu dinheiro de volta","Negativo","Produto","Não","Sim"
"87987d7d5031de07b70cc17dd970302f","83e32d204b3e92d83909d99925731162","1","PRODUTO NÃO VEIO CONFORME ESTAVA NO SITE .
MOSTRAVA CALENDÁRIO SITE MAS QUANDO RECEBI VEIO SEM E ESTA DIFÍCIL PARA FAZER A TROCA E ESTORNO DO PRODUTO","Negativo","Produto","Não","Sim"
"ca912b833f218e7ecc18c7f3f3108586","e01023596310bc78e2726329569e3d21","5","Produto bom. Entrega antes do prazo","Positivo","Outro","Não","Não"
"2f896d71c734a1eb76ed3f6ed7aea06d","6e1e856a0fa5c51efd83408e3f8d1fe3","4","Bom","Positivo","Outro","Não","Não"
"1f00702636093b650a75e94e9a8b03ac","8298e94c8a2989b7c343d2021ef17fb0","5","gostei muito","Positivo","Outro","Não","Não"
"7ab4290d8a4c10493e37e671a99c9468","31641d348e3b49cd143c3bd490c100b9","1","Comprei dois produtos, sendo que um deles não chegou. Um cabo adaptador de áudio.","Negativo","Logística","Sim","Não"
"16063192d221c6f14be0b3444c761b92","93fe3d332271d38d6974bec644168f57","5","Gostei muito,chegou tudo certinho até antes do prazo de entrega.","Positivo","Outro","Não","Não"
"032d379803844fa08d2063909fa526fc","c942d232f05adc081f767f145dd8fa36","5","Produto entregue dentro do prazo .","Neutro","Outro","Não","Não"
"0ed5802ea93f04e9bf2364c664dadbbd","96123b9ae5a9cdfd4efe5fe402a94675","1","Fornecedor targaryen me mandou um massageador completamente diferente do que comprei, de preço inferior e cheio de avaliações negativas. Ninguém erra mandando um superior né, curioso..Ou seja, n recomendo","Negativo","Produto","Não","Não"
"844f12cb44cb2c97b033854a64b4727a","a0727c663f544d6618123c94c779f29b","5","Recebi o produto no prazo, tudo ok","Positivo","Outro","Não","Não"
"89f1be937461a932b5521a02d760aa10","e56bf94fb5b2e858e8b8896c565a96a0","1","Muito ruim, não veio um produto e o outro veio errado..","Negativo","Logística","Sim","Não"
"b62b86ff6108447c826efcf1b157168d","04c28d1572e04b2b3e5b80ca7559e750","1","ABRI PROTOCOLO PARA DEVOLUÇÃO, PRODUTO DE BAIXA QUALIDADE DEU PROBLEMA NO PRIMEIRO DIA DE USO.

lannister VIROU UM MERCADO LIVRE....6 PEDIDOS 6 PROBLEMAS","Negativo","Produto","Não","Sim"
"6318842b0d533f35b17c4b1cfa7df5ea","f0b673967b0be0bfcc14490d3d1842a8","5","Entrega no prazo e como descrito no site","Positivo","Outro","Não","Não"
"88b8f9e6cc90858edfdb9028c4e07ad5","6cc62a2c76cd0e02344dd2b2486178e2","5","A lannister sempre se superandoo","Positivo","Outro","Não","Não"
"48869ca20e2ca762cd6bdd880c8ccae5","32efd401773730f7d0d1c5ae2b841465","5","Fui surpreendido pela eficácia. Ótimo atentimento.","Positivo","Atendimento","Não","Não"
"42e7211f75bff509054a0322ea026087","fa1ce52b7f5e83c4473226c0a7ad131a","5","otimo atendimento, tudo certo, entregue dentro do prazo.","Positivo","Atendimento","Não","Não"
"0aad108b136bfe5d026d5aee9fb08323","d1ec61b50c7780944fab32ad8b873c85","5","Obrigada pela qualidade do produto, e pela entrega tbm que era previsto para 10/08 e chegou dia 22/07. Adorei. Parabéns.","Positivo","Produto","Não","Não"
"9c0ff4d25d28bd004057ce16540abc3d","45390ff93f092f0de1524d486a172c33","1","A mercadoria não foi entregue ainda..","Negativo","Logística","Sim","Não"
"869696516d580a0871642308af4301f2","2927b6be262c5528b8135e5d330c00f9","4","Ainda não utilizei o produto","Neutro","Produto","Não","Não"
"b5be606d37fe1a0bd2bbcb7e550574a2","cfa438aab28ed50c386312e0e475dd82","2","Recebi a encomenda de forma normal e dentro do prazo, contudo, recebi de primeira uma data de entrega estimada e que posterior, a data foi aumentando. Não gostei dessa atitude. Demorou 2 semanas.","Negativo","Logística","Não","Não"
"9ec97953a4e7ac154b5f175e21e81307","3451e358dcd1b3eb514821e4e9772ccc","1","Eu pedi q cancelacem antes da nf ser emitida pq eu havia ganhado de presente um igual... não cancelaram... mandaram assim msm... eu pedi quando a nf ainda não tinha sido emitida","Negativo","Atendimento","Não","Não"
"21da84a2bc0bde257426dcddc95d931b","ce7be36d78630d654873b810b8d354f4","5","Muito linda deu um charme na minha sala.","Positivo","Produto","Não","Não"
"87a0264d6b18f5bab5710357fa8e7fcc","97552822029d7859e945e88913d3e814","5","Ótimo atendimento e entrega antes do prazo.","Positivo","Atendimento","Não","Não"
"71561c10e74d084a1547d1a5087c5f25","5eca24d683e367960eb71efa3fbad661","3","Não recebi o produto completo, comprei quantidade 02 e recebi somente 01. e consta na nota da entrega tem quantidade 02 e com volume 01.
Quero receber a outra sem custo nenhum. Pois o erro não foi me","Negativo","Logística","Não","Não"
"96ff76965f387549b7d95cb14f89026b","02ec38bbb2e837e0ef32fae6c5a651b5","4","Recomendo.","Positivo","Outro","Não","Não"
"03b3143cc596bb50864988b76106a418","7551a449a88847c6b76206cc5fbe5993","3","As bolsas são lindas por fora, a cor é bem próxima da foto, mas por dentro não tem o forro da descrição e o acabamento deixou um pouco a desejar, no mais a entrega foi super rápida","Neutro","Produto","Não","Não"
"91f5235dd3b20f3792084e178e858666","da708bf3b3d18eabce89e0b1d84588d6","1","preciso urgente desta mercadoria, o prazo maximo era até o dia 3 e até agora não chegou","Negativo","Logística","Sim","Não"
"806b54a4afe16834c855a47b10bdc4d2","95c8f9cfbfbc4726a1a3f3405b1ae666","4","Otimo material bem resistente espaçosa 👏👏👏 gostei!","Positivo","Outro","Não","Não"
"932d206100241c3fe7dbb167874b048d","e8fba6b3bd2fa3e2e1d4b101fbd93b17","5","Ótimo serviço","Positivo","Outro","Não","Não"
"6b2ec71624eb21ea03eb7cfbcfbb489a","e0ef63a06438a4f6dfa047fc41217f8e","5","Prestação de serviços de alta qualidade","Positivo","Outro","Não","Não"
"a7ad43b7ff55f5fc5a10be2d3edc498e","3b715ecd6add927d4a2634e826487231","2","O produto é de muita baixa qualidade","Negativo","Produto","Não","Não"
"fe9778f8b352bd1bc3dab595fde6569b","60649d0d9e4157baeb059b34cf7d9b42","5","Produto entregue bem embalado ,em perfeitas condições.","Positivo","Outro","Não","Não"
"b42955e5003fa4e9449770fb8b50d30d","1f186ad4ad389666cd9482ce1942038d","2","Demorou mas entregou!","Neutro","Logística","Sim","Não"
"ce87e38ac994c81c48da4d5943ae56bb","9386d40609a844441d3fc71a2d763aeb","3","A compra efetuada foram dois ursos que rezam, um rosa e um azul, recebi somente um dos produtos que adquiri, o rosa, estou aguardando retorno do vendedor, sobre o que ocorreu e se vou receber o outro","Negativo","Produto","Sim","Não"
"3395e28d6009c3c18dd879ae600d91bc","1e7666fef7090957578fd3a4b58cf9ba","1","Produto com defeito apresenta risco por não ser confiável, já eviei e-mail e efetuei ligações e sem retorno.","Negativo","Produto","Não","Sim"
"6b95d92af036371c6be96566e4ead156","b24ca23650d6ea6cf647d35ee3e754d3","3","De modo geral, é satisfatório por ser gravação em laser. Mas justamente por ser a laser, deixa a desejar quanto a centralização do pingente com a marca, bem como da qualidade da gravação.","Neutro","Produto","Não","Não"
"da56af7a9b34fdcf8819096258def9f6","4d5779c1406a8459afe82091e0dae935","5","Chegou antes da data prevista , eu recomendaria para meus amigos a loja stark está de parabéns .","Positivo","Logística","Não","Não"
"757ab0917dfdd892b9dc9ee82e298c67","4b2574ecd0e648e5360a7030c0ace020","5","Tapete lindo.Chegou muito antes do prazo.","Positivo","Logística","Não","Não"
"f9d15d1ab33610f6fcda6aa6ab4c414d","b744841b6a754e51042b8abcab208ffe","4","Gostei muito","Positivo","Outro","Não","Não"
"6f019513437635e75c3d17f091af2de5","b287d35d6e864f28c166376e6c02c9a1","4","Poderia ter agilizado com a entrega! Porém recebi o produto em ótimas condições!","Neutro","Logística","Sim","Não"
"cb50716c99a5928ef74d3052408b77ed","2c06e4f488be0af43964ad30b123034e","5","Protudo chegou em ótimo estado de conservação, e antes do prazo!","Positivo","Logística","Não","Não"
"f24e1c58c171279bbb6e6c0d1e463d72","b1334405900ad1c02d3521d59b962c6a","5","Produto de excelente qualidade e a entrega foi feita antes do prazo previsto. Muito satisfeita.","Positivo","Logística","Não","Não"
"c8d187a7c6b2a9ae76018912fc5711c3","0e457aee274ec7e2e18d25ab6d212921","5","O produto é muito lindo e está com preço excelente! A entrega foi super rápida, ocorrendo muito antes do prazo!
Recomendo! O quarto ficou irado!!!!","Positivo","Logística","Não","Não"
"3db86fd9183fa771f94b295ec2d04584","583dfa864ad33b5056f352e0cff6b713","3","O produto veio sem nota fiscal, tive que solicitar pelo telefone.","Negativo","Produto","Não","Não"
"1b9f9bcf8ff376c6946aa7ff737930c9","f2e503ec5863ccf71c41fbe188c1879f","3","O produto não é bom.","Negativo","Produto","Não","Não"
"accb12fbc0a0fd74edb43caea51c87e9","6ff0c72cd26c7ea730935abff483f2e8","5","Muito satisfeito eu recomendo","Positivo","Outro","Não","Não"
"a1262903372e7ee6e7a4fa570daedac3","dcec6d766a2bc76144372192c66bbe87","5","Podem comprar sem medo","Positivo","Outro","Não","Não"
"cad9ca7f182cf2861811d5855862e2fd","5dd2b7d78f1a564bc459f3aeb9b47bcb","4","gosto de comprar nessa loja porque agente ñ precisa avisar da entrega","Positivo","Logística","Não","Não"
"da6919696d33832d2280b7bca195b94b","a923f706eeccdbdf02d5db99c8550c8d","5","Excelente produto!!","Positivo","Produto","Não","Não"
"9fbaad8f7ba7652d9b453408a67df110","74b9959056734d2fa68d5570ea482664","5","Produto entregue no prazo nota 10","Positivo","Logística","Não","Não"
"8b712cf2f200e83a1082ecd7bfc6e4f2","5b305608c98ca66ced71cde019aba8e9","1","a descrição do produto estava errada e não consegui usar o produto ,pedi o cancelamento fazem 15 dias e ainda não obtive resposta","Negativo","Atendimento","Não","Não"
"c231a7912afb5ece647e5ba06805b3da","d2f4bbcf8e2d36f9e13fba6a75c7269a","5","Muito Bom , exelente","Positivo","Outro","Não","Não"
"f4dae81937bc173b25686e788ca1bb6c","43f32db0dedd975e294e98ce23b24661","5","atendimento eficaz e entrega dentro do prazo","Positivo","Atendimento","Não","Não"
